NOC,1989 [YR1989],1990 [YR1990],1991 [YR1991],1992 [YR1992],1993 [YR1993],1994 [YR1994],1995 [YR1995],1996 [YR1996],1997 [YR1997],1998 [YR1998],1999 [YR1999],2000 [YR2000],2001 [YR2001],2002 [YR2002],2003 [YR2003],2004 [YR2004],2005 [YR2005],2006 [YR2006],2007 [YR2007],2008 [YR2008],2009 [YR2009],2010 [YR2010],2011 [YR2011],2012 [YR2012],2013 [YR2013],2014 [YR2014],2015 [YR2015],2016 [YR2016],2017 [YR2017],2018 [YR2018],2019 [YR2019],2020 [YR2020]
AFG,..,..,..,..,..,..,..,..,..,..,..,..,..,..,8.832277813,1.414117981,11.22971482,5.357403251,13.82631955,3.924983822,21.39052839,14.36244147,0.426354785,12.75228709,5.600744658,2.724543364,1.45131466,2.260314201,2.647003202,1.189228128,3.911603419,-1.934778249
AFE,2.64672228,0.052977036,-0.086905889,-2.155482749,-0.66603275,2.08726117,4.308948321,5.410609484,3.433427381,1.657682433,2.672356267,3.407951899,3.385072951,4.077465141,3.156647708,5.423483819,6.312341159,6.832110994,7.104249359,4.796819821,1.03940126,4.809783086,4.201991866,3.240975707,4.470305595,4.090918174,2.763242778,2.00453889,2.832287585,2.385829201,1.672924534,-3.575172529
AFW,2.322474847,6.437207693,1.220806528,2.683971635,-1.160972133,-0.226096478,2.011852061,4.596463158,3.828703727,3.606729251,1.403041945,3.611657492,5.667418462,9.930416016,5.873041423,8.017311581,6.00542787,5.257804762,5.588150681,6.175432763,6.145438484,6.64196349,5.00487453,5.272611516,5.831383066,5.833538658,2.735165979,-0.001994532,2.163747517,2.831538865,3.147481709,-0.978922192
ALB,9.83654897,-9.575640169,-28.00214166,-7.187110916,9.559411694,8.302866591,13.32233332,9.099999444,-10.91998409,8.830087709,12.88989673,6.950036134,8.290070027,4.53996064,5.530050778,5.509998693,5.529914809,5.900083957,5.979982036,7.49996956,3.350066528,3.706892301,2.545321845,1.417525992,1.00198715,1.774486785,2.218752232,3.314804753,3.802197488,4.071301295,2.173692288,-3.311239444
ALG,4.40000216,0.80000058,-1.200000586,1.800002303,-2.100000758,-0.899996552,3.79999479,4.09999847,1.099999939,5.100003609,3.200001552,3.8,3,5.6,7.2,4.3,5.9,1.7,3.4,2.4,1.6,3.6,2.899999999,3.4,2.8,3.8,3.7,3.2,1.3,1.2,0.8,-5.480991935
ASA,..,..,..,..,..,..,..,..,..,..,..,..,..,..,0.965517241,0.409836066,-0.408163265,-4.098360656,1.851851852,-2.657342657,-4.166666667,0.299850075,0,-4.334828102,-2.5,1.762820513,3.149606299,-1.679389313,-6.98757764,3.338898164,-1.453957997,..
AND,4.827034244,3.78138759,2.546003523,0.92921404,-1.03148439,2.383182248,2.757501613,4.649738668,9.067672051,3.194793393,4.099078922,3.528362361,8.119357722,4.546362214,8.694203716,8.135676338,5.397795985,4.808688699,1.553188141,-5.559186369,-5.302846543,-1.974958,-0.008069753,-4.974443719,-3.547596515,2.504465521,1.434140395,3.70967807,0.34607189,1.58876549,2.015547638,-11.95605842
ANG,0.041621462,-3.450098684,0.991359301,-5.838280733,-23.98341744,1.339363436,15.00000003,13.54436976,7.274277355,4.691146451,2.181489718,3.054624234,4.205998556,13.66568652,2.98985001,10.95286177,15.02891532,11.54768318,14.01001824,11.16613833,0.858712615,4.403932543,3.471976345,8.542187643,4.954544646,4.822627568,0.943571561,-2.580049644,-0.147212941,-2.003629727,-0.624644318,-4.04051
ANT,5.252274656,3.011714686,2.176578603,1.158475191,5.279878709,6.676707103,-4.359587382,6.604459721,5.471608482,4.731125092,3.70761791,6.203431254,-4.548003473,1.02744197,6.076543688,5.767028612,6.473831316,12.70814853,9.315383163,-0.014340652,-11.96269725,-7.840594744,-1.958612628,3.3728662,-0.600876397,3.795727613,3.825293099,5.497788456,3.144598617,6.950416555,3.351160885,-15.97350964
ARB,2.397628922,13.0654376,1.517210384,4.943744363,3.27139874,3.197538909,2.757990861,4.596166977,4.24361821,5.263526153,1.805346887,6.765918206,1.539236208,0.390822793,4.686820917,9.4618709,5.56265249,6.227652188,4.580710703,5.818173122,0.430190996,4.663808232,3.79060498,6.644510413,3.362663819,2.595974546,3.395407041,3.385841546,1.005610937,2.13653768,1.524175925,-4.999534201
ARG,-7.156949656,-2.467213776,9.133110566,7.937291556,8.206979072,5.836200704,-2.845209611,5.526689827,8.111046771,3.850178852,-3.385457041,-0.788998939,-4.408839683,-10.89448483,8.837040796,9.029573301,8.85165992,8.0471515,9.007650875,4.057233103,-5.918525076,10.12539816,6.003951693,-1.026420454,2.405323781,-2.512615321,2.731159828,-2.080327844,2.818502978,-2.565351882,-2.088014861,-9.905234856
ARM,..,..,-11.69999848,-41.80000275,-8.799998793,5.400002779,6.89999842,5.865400749,3.3210797,7.299999988,3.300000001,5.900000003,9.599999999,13.2,14,10.5,13.9,13.2,13.7,6.9,-14.1,2.2,4.699999999,7.200000001,3.3,3.600000001,3.199999999,0.2,7.500000002,5.2,7.599999999,-7.6
ARU,12.12984055,3.961401727,7.962872496,5.882352941,7.307692308,8.203902828,2.547143909,1.185788172,7.046873978,1.991985852,1.238042106,7.616588194,-2.971256724,-3.273646411,1.975547262,7.911563466,1.214349349,1.050607528,1.800225971,-0.090708046,-10.51974854,-3.685029387,3.44605475,-1.369863014,4.198232323,0.3,5.700000876,2.099999586,1.999999104,..,..,..
AUS,3.861173516,3.570998147,-0.3978177,0.412184701,4.029906461,3.983890153,3.837755293,3.878585293,3.966537662,4.576688759,5.073599095,3.933136945,1.930857592,4.001404062,2.985934322,4.055451968,3.204269793,2.794537024,3.844230316,3.657953526,1.93699392,2.067417128,2.462756312,3.918162871,2.584897702,2.533114665,2.192647426,2.770652197,2.300610624,2.949285772,2.160956295,-0.284839298
AUT,3.887074818,4.345641399,3.441627777,2.093524617,0.526809204,2.402119074,2.667983531,2.349533852,2.09359939,3.581425815,3.556331247,3.375722147,1.267168189,1.651553922,0.941470921,2.735120222,2.244065325,3.454041836,3.727415301,1.460423676,-3.764578178,1.837093677,2.922797284,0.680445577,0.025504712,0.661272849,1.014501586,1.989437162,2.399587603,2.580120733,1.418734272,-6.590410425
AZE,..,..,-0.700000183,-22.60000005,-23.09999931,-19.70000072,-11.79999973,1.299999465,5.800000012,10.00000117,7.399999587,11.0999995,9.90000013,9.438916342,10.20830001,9.253801326,27.96153807,34.46620936,25.46321591,10.59143729,9.369074777,4.789242792,-1.572997621,2.202939023,5.843415762,2.797585434,1.049546368,-3.063598454,0.153614647,1.500401707,2.480151591,-4.309989133
BAH,6.727329799,-1.596249086,-4.181784781,-3.82558197,0.307806291,3.14891562,4.37875209,4.223530425,6.87573942,-4.503596622,12.19751829,4.149234046,2.625159596,2.704670969,-1.264526295,0.882740185,3.395260082,2.516853933,1.446733889,-2.323507236,-4.175805556,1.538385972,0.613384158,3.08668686,-2.678979525,1.054316467,0.230478124,1.444036489,3.115613515,3.025999168,1.217873857,-16.27773826
BHR,0.364007138,4.437997176,11.22999878,6.689998367,12.87000667,-0.250001485,3.929991545,4.110006115,3.092999787,4.790002789,4.29999896,5.300070056,2.490948108,3.348550668,6.296441979,6.980960594,6.768997871,6.467000122,8.293960448,6.245010775,2.539885936,4.334299173,1.983515012,3.72810843,5.41683981,4.350390853,2.485378558,3.558128119,4.290949778,1.720972887,1.98971355,-5.814683428
BAN,2.836582129,5.622258162,3.485227815,5.442685551,4.711561724,3.890126441,5.121277897,4.522919218,4.489896497,5.177026873,4.670156368,5.293294718,5.077287776,3.83312394,4.739567399,5.23953291,6.535944941,6.671904981,7.058599357,6.013789759,5.045124794,5.571788188,6.464379123,6.521458781,6.013605658,6.061059359,6.552639879,7.113478213,7.284174423,7.86374303,8.152684947,2.375521656
BAR,3.6,-3.307593308,-3.899906828,-5.692520776,0.793067998,2.010782457,2.013998,3.976477177,4.740102343,3.728464901,0.334655429,4.447189623,-2.365464222,0.787401575,2.175480769,1.411598635,3.955457604,5.90270029,2.202086187,0.701030928,-5.077805078,-2.28645384,-0.673289183,-0.455606178,-1.406563965,-0.124547101,2.448701961,2.478698683,0.475110679,-0.580333154,-0.096135553,-17.6053641
BLR,..,..,-1.19999557,-9.600001396,-7.600001842,-11.7000039,-10.40000049,2.800004651,11.40000541,8.39999142,3.399999163,5.80000344,4.725305994,5.04526748,7.043192559,11.44974311,9.400001524,9.999994812,8.600006536,10.19999944,0.19999531,7.798266823,5.37870745,1.687135536,1.003470841,1.726384854,-3.829570558,-2.526446436,2.5321835,3.149197594,1.4,-0.9
BEL,3.469166984,3.137402316,1.833074277,1.530654944,-0.96187331,3.226971525,2.38475728,1.32145093,3.79365763,1.961808272,3.542743464,3.716679384,1.099618888,1.706884585,1.037982549,3.571204343,2.321737054,2.552349944,3.676881136,0.446928735,-2.020743062,2.864292708,1.694513899,0.739217283,0.459242193,1.578533143,2.041459009,1.266686409,1.621547198,1.787920078,1.784694379,-6.283929951
BIZ,13.00922113,11.44338873,11.46403642,12.05832307,6.275785864,0.158414921,0.64448995,1.42911281,3.544654285,3.740514934,8.778850941,13.01958111,4.681632902,4.732409386,9.333608508,4.789942265,1.940902944,4.825480179,0.511017927,3.489802978,0.217461105,3.003529489,1.920864829,2.416382544,1.300691197,4.037129186,2.63368999,-0.032010557,1.812936351,2.908565072,1.76082496,-14.03842116
BEN,-2.854160496,8.976134361,4.225799419,2.957710827,5.836172085,2.020400448,6.04519865,4.324284031,5.734688375,3.961012138,5.341449372,5.857714205,5.333135706,4.643030871,3.443576776,4.429684554,1.713164564,3.943738828,5.986349322,4.896577084,2.319292139,2.114064726,2.963752919,4.811223316,7.191433721,6.357679098,1.77815106,3.339673426,5.671555469,6.697259461,6.865687336,3.8487924
BER,0.443844076,0.019212296,-3.5343821,-0.059738214,3.008567124,0.599613367,4.39914833,2.600475429,4.600000843,3.900000094,3.38264702,9.317156411,7.222435538,-1.477790598,3.410706677,2.321267223,1.674206114,5.54386638,3.345139709,-1.865955826,-5.626697711,-2.502878289,-3.742744317,-5.305299107,-0.279708545,-3.701067594,0.7755297,-0.657206304,3.611419837,-0.4328013,0.459889943,..
BHU,7.355567316,10.38311791,-0.407875687,4.600891432,1.98636659,4.95150367,7.074117278,5.565172862,5.373838519,5.914030835,7.983972022,3.355068285,8.348954483,10.99228184,7.823302361,6.008742236,7.287249352,6.999738095,18.36085406,4.799460612,6.748333748,11.945896,7.982617041,5.118400858,2.119972633,5.77649568,6.642232105,8.127033538,4.651834675,3.055129837,5.46452256,-6.772101611
BOL,3.790130047,4.63578591,5.266527472,1.646496933,4.269293696,4.667270435,4.678272586,4.361343058,4.954208743,5.029352337,0.426889577,2.507807553,1.683800939,2.485564847,2.711340707,4.173294318,4.421434767,4.797009171,4.564382752,6.148497195,3.357001259,4.126721926,5.204092443,5.122275581,6.796011428,5.460569506,4.85718718,4.263920864,4.195206334,4.223623653,2.21670564,-7.82328995
BIH,..,..,..,..,..,..,20.79999754,88.95766618,34.38957405,15.59999669,9.599999716,5.500000276,4.399999319,5.300000812,3.999999711,6.099966745,8.759256822,5.414003571,5.859118402,5.441846789,-3.00445593,0.86566926,0.959511247,-0.821836474,2.349856663,1.153851092,3.089164152,3.149806916,3.171434875,3.740071092,2.831002603,-4.327345806
BOT,13.05940589,6.772821949,7.458709112,2.917070307,1.916107142,3.627916021,7.030410261,5.829800078,8.325890898,0.44366348,9.667240742,1.987695854,0.250573867,6.069530868,4.625894792,2.705821737,4.556645657,8.363871069,8.276763793,6.245437363,-7.652310203,8.563630792,6.048361455,4.456144471,11.34339697,4.149262255,-1.697935427,4.303767448,2.903997732,4.478836553,3.025910054,-7.893053589
BRA,3.279458858,-3.102355949,1.511937238,-0.466913212,4.66516899,5.334551702,4.416731355,2.207535527,3.394845985,0.338097903,0.467937567,4.387949443,1.389896403,3.053461858,1.140828998,5.759964639,3.20213138,3.961988722,6.069870608,5.094195447,-0.125811999,7.52822583,3.974425406,1.921150318,3.004846305,0.50395574,-3.545763393,-3.275916908,1.322869055,1.783666761,1.411152985,-4.059048273
IVB,..,..,..,..,..,..,..,..,..,..,..,..,..,..,..,..,..,..,..,..,..,..,..,..,..,..,..,..,..,..,..,..
BRU,-1.074178573,1.089420535,3.145941362,4.758580846,0.304572874,3.145397395,4.47870734,2.878317747,-1.471171572,-0.558508851,3.052157142,2.849421858,2.744040518,3.872096967,2.903955477,0.504318253,0.387507208,4.397719678,0.154581812,-1.939714638,-1.764535541,2.598965746,3.745318352,0.912841671,-2.126028517,-2.508352566,-0.39238375,-2.477917718,1.328602552,0.052237791,3.869109803,1.203001939
BUL,-3.289882068,-9.117377097,-8.445355177,-7.272387999,-1.480214759,1.818011198,2.855051055,5.13891551,-14.19281481,4.285281822,-8.281017414,4.782043523,3.817239752,5.953034408,5.151841011,6.441859463,7.153541381,6.802167579,6.557081052,6.085627607,-3.374838329,0.55944649,2.354556923,0.356586983,0.325769436,1.885464638,3.989851714,3.82043453,3.50275153,3.092447654,3.69430838,-4.15370283
BUR,2.150267276,-0.60292848,9.06998446,0.232710762,3.461384939,1.315007272,5.716373863,11.01474387,6.316834735,7.307719635,7.395237801,1.888473889,6.613405745,4.35296383,7.802493889,4.478452137,8.661873228,6.253164688,4.111379018,5.799991741,2.961950859,8.446281577,6.622562613,6.45267238,5.792584845,4.326845615,3.921228794,5.957976708,6.203489411,6.731235608,5.699434934,2.022384695
BDI,1.34950223,3.49982214,4.996836448,1.009998371,-6.240000001,-3.829999996,-7.920000004,-7.999999998,-1.589999997,4.749999995,-1.009999996,-0.856864058,2.055807108,4.446519412,-1.22372796,4.833657768,0.900000001,5.413807145,3.45195249,4.861712995,3.812746937,5.124163303,4.032602496,4.446708222,4.924195261,4.240651644,-3.900003086,-0.600020001,0.500009999,1.609933082,1.842476677,0.297577119
CPV,5.697949367,0.692171874,1.404146852,10.93764724,8.708311376,19.18264182,14.21163626,11.34652473,11.11842604,12.51728567,11.22264853,14.28486883,2.231654493,5.250891246,4.176259302,10.19707261,6.912457988,7.983750447,15.17068797,6.650520523,-1.270425968,1.466790097,3.968886345,1.081918279,0.802797601,0.611212666,1.006863707,4.705791509,3.702039188,4.531161684,5.66775246,-14.78340501
CAM,..,..,..,..,..,-34.80863877,9.903468902,5.89750561,4.006621073,4.681632108,12.70538113,9.993580322,8.148386098,6.578939502,8.505895557,10.34052878,13.25008691,10.77108367,10.21257391,6.691577475,0.086696959,5.963078575,7.069569946,7.313345505,7.356665149,7.142571101,7.115694555,6.939060604,6.8414315,7.469169207,7.054106932,-3.141034806
CMR,-1.819120513,-6.105697646,-3.808599372,-3.100003211,-7.932066575,2.123935444,3.469792148,4.361086518,5.231320709,4.502291241,4.292016945,3.553374364,4.368084242,4.237203677,4.567195256,6.780955924,2.020662307,3.457668793,4.902201732,3.488800919,2.198664102,3.422507641,4.129277161,4.543265016,5.40426571,5.884059327,5.651463744,4.648481551,3.549087318,4.06248684,3.720711423,0.730339198
CAN,..,..,..,..,..,..,..,..,..,2.79654248,3.970482637,4.917762744,1.405527589,3.422146171,3.811090153,3.914028782,4.995860869,4.165817627,6.868608857,1.007622695,-2.928400167,3.08949462,3.146881372,1.762222549,2.329122506,2.870036075,0.659176864,1.001394414,3.039880225,2.429547545,1.861415379,-5.402798553
CSS,4.134770268,0.941880812,1.367751907,2.175096736,3.056229107,2.794571236,2.907422969,3.457003398,3.995547378,1.181051712,4.939936481,3.698756818,2.015249387,3.576794644,5.622663201,3.930653256,3.602649455,6.805938665,3.31560671,1.277237984,-3.555804487,1.3202844,1.139257246,1.312932824,0.80382066,0.498435932,0.861440452,-1.044482581,0.279422444,1.899323871,0.66841275,-7.993133237
CAY,..,..,..,..,..,..,..,..,..,..,..,..,..,..,..,..,..,..,3.162625227,-0.357401201,-7.200482447,-2.715635262,1.169062198,1.229753657,1.27933102,2.654527985,2.833122226,3.239976888,3.184043376,4.19434091,3.817100404,..
CAF,1.977270435,-2.147528066,-0.552543005,-6.424078199,0.335275685,4.89994941,7.200045558,-4.000092964,5.299936018,4.700142379,3.599974904,-2.48943244,4.464739026,3.616542192,-5.397485219,5.994884228,0.908210515,4.77108543,4.607534855,2.054130962,8.587260426,4.630818432,4.194615337,5.053761254,-36.3919771,0.081070515,4.33712103,4.750316841,4.527278213,3.789443593,3,0
CEB,..,..,-9.737237651,-1.807525439,1.549297438,4.108448939,5.72280021,4.540375298,2.402731253,2.70783495,1.969844118,3.956807829,3.027011089,3.548901461,4.066522226,5.75239241,4.990805052,6.558949999,6.38331872,3.905726571,-3.417642772,1.709554747,3.154851135,0.668306595,1.245953327,2.991158825,3.980506635,3.09034421,4.889426202,4.496580425,3.83624026,-3.977920889
CHA,4.884735103,-4.178472373,8.535137166,8.001443346,-15.70983705,10.13688763,1.236549317,2.214473035,5.653392328,6.951579914,-0.682850217,-0.879681025,11.65813465,8.491209819,14.72166701,33.62937185,17.33253374,0.648262014,3.271499579,3.052691532,4.217695552,13.55010086,0.082869798,8.882576072,5.700001363,6.899985045,2.767675685,-6.255527085,-2.988695986,2.3740378,3.247181917,-0.890209999
CHI,..,..,..,..,..,..,..,..,..,..,3.770263675,5.826641469,-1.51296126,-1.632206598,-3.202156942,0.224197396,1.377734157,4.882299364,5.898329661,..,..,..,..,..,..,..,..,..,..,..,..,..
CHL,9.923382897,3.333565473,7.804392186,11.16670773,6.588783827,5.030197977,8.933295869,6.802916596,7.427889808,4.324579497,-0.412096167,5.326938419,3.303047313,3.106970532,4.091047685,7.209539709,5.742830489,6.317176343,4.905324504,3.529530553,-1.564239443,5.844177296,6.110918829,5.318628,4.045004298,1.766739784,2.303767036,1.711089289,1.184544707,3.713859177,0.942005307,-5.771501669
CHN,4.206334355,3.920251368,9.262786084,14.22452959,13.8837293,13.03680663,10.95395434,9.922556752,9.236779892,7.845951788,7.661651501,8.490093406,8.335733478,9.13363079,10.03803048,10.11362138,11.39459181,12.72095567,14.23086093,9.65067892,9.398725632,10.63587106,9.550832179,7.863736449,7.766150098,7.425763656,7.041328879,6.848762205,6.947200793,6.749773832,5.949714233,2.3
COL,3.414096109,4.281998332,2.001607597,4.044929438,5.385409939,5.814661908,5.202437593,2.055854712,3.430293678,0.56978409,-4.204015244,2.924861483,1.677898308,2.503980466,3.918271904,5.333022067,4.828761108,6.716868698,6.738194691,3.283446186,1.139648645,4.494658971,6.947891982,3.912635767,5.13399352,4.499030001,2.955901375,2.087382502,1.359360868,2.564324283,3.281116805,-6.847314206
COM,-3.180256516,5.091236413,-5.395637149,8.530981788,3.006061307,-5.276782997,3.610206432,-1.291688926,4.030153668,1.282515793,1.924408712,10.84787862,2.332907102,2.324944861,2.103871636,1.919659807,2.83754787,2.646955476,0.800042349,3.999971991,3.200113112,3.799933455,4.099846955,3.200272903,4.499874215,2.100006438,1.116140583,3.320680025,3.815702113,3.430764136,1.986109505,4.910777475
COD,-1.266050636,-6.568310695,-8.421051499,-10.50000856,-13.46905054,-3.899996803,0.69999883,-1.023172642,-5.617046599,-1.624154045,-4.270140831,-6.910927317,-2.100173025,2.947765184,5.577822311,6.738373933,6.135151155,5.320979565,6.259477764,6.225894269,2.85506401,7.107976576,6.87467089,7.086898947,8.481956636,9.470288097,6.91618781,2.399379098,3.726947653,5.8211211,4.384528881,0.773457032
CGO,2.599876517,1.000003567,2.395367453,2.611948055,-0.979683209,-5.493075745,3.985324378,4.290481559,-0.624812152,3.73755277,-2.582199358,7.575980395,3.802601899,4.581870061,0.813264076,3.476631621,7.755758978,7.986238363,-6.613994804,6.306375956,11.63728886,9.931265431,2.205919363,9.947153143,-0.712434452,6.716679334,-3.550581765,-10.70209626,-4.373500998,-4.846001061,0.232123661,-7.948712902
CRC,5.665975549,3.553063365,2.26565499,9.201103732,7.09719124,4.519028377,4.153953043,1.350459539,5.476165774,7.155308577,4.21481117,3.868718088,3.491169873,3.41687639,4.317179866,4.424599597,3.976666368,7.326695432,8.215131984,4.738174878,-0.873455943,5.360343526,4.40315924,4.882592369,2.494766108,3.542109878,3.652080968,4.204323252,4.157698963,2.05620273,2.167951807,-4.539965917
CIV,2.948004945,-1.095908411,0.040925168,-0.244560612,-0.1924851,0.811206685,7.125744724,7.729327422,3.743553144,4.930679628,1.617527443,-2.068400057,0.121371916,-1.667642138,-1.359535943,1.23177284,1.721247367,1.515842363,1.765036784,2.542841476,3.251453718,2.017638592,-4.387254789,10.7065041,8.889421302,8.79407739,8.84285995,7.179207824,7.359638088,6.89028432,6.231709513,1.816441461
CRO,..,..,..,..,..,..,..,5.90533971,6.203341583,2.290762788,-0.948053455,2.861746843,2.957710083,5.67815671,5.635798518,4.154576856,4.308493379,4.993287632,5.067625135,1.8934529,-7.323537319,-1.31656298,-0.198369263,-2.391774269,-0.447092177,-0.341452517,2.431888573,3.498134992,3.439217352,2.807609701,2.858925968,-8.367378217
CUB,0.680083233,-2.948564945,-10.69269711,-11.58060308,-14.87818069,0.71693031,2.457201172,7.838749659,2.783425042,0.159146052,6.188755304,5.914760174,3.185029904,1.424821261,3.792740223,5.77053807,11.20165642,12.06586311,7.262136966,4.116828042,1.451305431,2.390352297,2.802300836,3.014900289,2.747602563,1.047576632,4.438141959,0.513761468,1.809054399,2.248480393,-0.217448488,..
AHO,..,..,..,..,..,..,..,..,..,..,..,..,-0.695752956,0.397065105,0.288184819,0.208461863,0.676426257,1.63593427,2.469962305,2.188044622,-0.53130945,0.08230596,0.612608577,-0.138917069,-0.794106769,-1.138838621,0.278694931,-0.986569701,-1.73976542,-2.166131078,-3.4,..
CYP,7.947425531,7.403999506,0.739501203,9.399999016,0.700000488,5.899998701,8.362469305,1.248581576,2.64089464,6.110846746,4.997960422,5.965310315,3.952560541,3.722956499,2.623286123,5.026343926,4.853003838,4.713828666,5.098068453,3.646811991,-2.015262359,2.014695707,0.401437941,-3.446822086,-6.553078255,-1.829309109,3.21856901,6.438058481,5.154777146,5.240747828,3.075791962,-5.103479519
TCH,..,..,-11.61494233,-0.50654237,0.061904269,2.909309433,6.500813529,4.265416645,-0.518331043,-0.356566596,1.384148943,4.001028635,3.042976563,1.569855328,3.583688459,4.814261001,6.60161753,6.766932681,5.570338859,2.686411951,-4.657331092,2.434902159,1.760359624,-0.785004299,-0.045903674,2.262102897,5.388380838,2.53728452,5.168724304,3.198656101,2.313605202,-5.602303764
DEN,0.645187432,1.475244277,1.393633997,1.957006712,0.010687631,5.332462712,3.027587267,2.900099769,3.260890158,2.218158742,2.948022161,3.746862595,0.823152998,0.466345571,0.390058556,2.668219267,2.336641308,3.913007978,0.909238928,-0.512016745,-4.90654773,1.870991147,1.336777767,0.226499792,0.933340972,1.619393811,2.342591108,3.245956985,2.821736341,2.175646389,2.849514441,-2.733288945
DJI,..,..,..,..,..,..,..,..,..,..,..,..,..,..,..,..,..,..,..,..,..,..,..,..,..,7.061543242,7.696085576,6.652650372,5.403099843,8.407662666,7.770497257,0.5
DMA,-0.191136506,5.417983567,1.347765,2.029420826,2.161414103,0.034481485,3.030862602,3.104202263,2.185627702,3.774226839,0.354079012,2.340219321,-0.06384473,-2.827998893,6.353137122,3.050690295,0.655862269,4.659455486,6.352972439,7.121057986,-1.169590643,0.6726344,-0.223550688,-1.059000243,-0.999940631,4.447947365,-2.691108924,2.556494913,-6.79942797,2.29808023,3.459333649,-16.70916029
DOM,4.400538815,-5.454312395,0.944138889,11.22093274,7.364513042,2.600354268,5.685430737,5.977825114,8.885269066,6.714477712,5.940049136,4.66176228,2.459516368,4.495103403,-1.345706185,2.570134279,9.428236947,9.174355406,7.415951715,3.209504262,0.946155168,8.33965106,3.133423003,2.717367897,4.875205093,7.05046369,6.927018772,6.659200263,4.666704677,6.982527585,5.05216802,-6.720239373
EAR,1.895449389,5.821799387,4.846611382,4.022404574,3.246309778,2.821525465,2.679680093,5.512366316,4.734204817,1.976027837,1.581789063,4.492803691,1.053709705,1.587119333,4.840378311,6.740430683,6.097293664,6.144144365,5.865096153,3.46565328,0.630907677,6.149314963,4.976437478,4.243333873,4.298364173,4.004795869,4.615433916,4.804701404,4.644260837,3.608286892,2.161570708,-4.811887486
EAS,5.105356528,5.09897331,4.463421672,3.418525956,3.155613267,4.316287228,5.117251058,5.1059205,3.475358069,-0.084554071,3.009892939,4.898527744,2.691572805,3.622162046,4.272033041,5.181298157,5.066873851,5.543978068,6.480801841,3.535252684,1.387303459,7.06983279,4.609674721,4.695945539,4.769150248,4.190593729,4.198772299,4.094943649,4.765835172,4.185549257,3.609382243,..
EAP,5.942180451,5.407717531,7.898252366,10.74097041,10.87778439,10.62598964,9.721218703,8.930935304,7.029162448,1.748526909,6.102710684,7.497864765,6.706709639,7.856698234,8.725266038,8.91346196,9.701851828,10.75775647,12.1469038,8.42988321,7.704518909,9.771780519,8.465451567,7.517081725,7.200196889,6.876887663,6.615380693,6.478442018,6.639754842,6.452811734,5.693086131,1.043277905
TEA,5.942180451,5.407717531,7.898252366,10.74097041,10.87778439,10.62598964,9.721218703,8.930935304,7.029162448,1.748526909,6.102710684,7.497864765,6.70669523,7.856467627,8.725913262,8.914565369,9.702926846,10.75913661,12.14738674,8.430574056,7.705164343,9.77229654,8.466035732,7.51776579,7.200692745,6.877306638,6.615551657,6.478694245,6.640118045,6.452893548,5.69315574,1.043277905
ECU,1.005777946,3.679914053,4.291342398,2.114310675,1.973218079,4.258250468,2.252548774,1.731747514,4.327864764,3.266529404,-4.739385791,1.091801564,4.0156299,4.096776659,2.722877337,8.211020917,5.291308267,4.403526434,2.190063972,6.3571306,0.566491592,3.525298669,7.868140919,5.641962067,4.946511267,3.788868549,0.098872608,-1.226383985,2.368386526,1.289291933,0.012105103,-7.750123377
EGY,4.920868605,5.667029151,1.125404595,4.472859189,2.900790794,3.973172185,4.64245877,4.98873057,5.49235474,5.575497461,6.053438783,6.370003834,3.535251969,2.390204028,3.193454739,4.092071612,4.471744469,6.843838197,7.087827427,7.156283564,4.6735998,5.147234859,1.764571949,2.226199797,2.185466054,2.91591188,4.372019078,4.346643456,4.181221,5.314121037,5.557683888,3.569669475
ESA,0.962191826,4.831560385,1.494358748,7.018046272,5.819234802,4.689784362,4.734959574,0.817680481,3.134939588,2.654173931,2.160516675,1.12605705,0.877318892,1.580862265,1.562231082,0.890786052,2.707467768,4.342895377,1.860579145,2.570846686,-2.086120492,2.105085752,3.815356138,2.814342809,2.235684893,1.711314783,2.39746263,2.541545026,2.252358774,2.412371287,2.635146667,-7.943984613
GNQ,-1.229178079,-1.758564084,-1.022238878,34.74532003,11.03321304,16.66883554,17.48626373,66.57999722,149.9729635,23.77448233,25.66401544,18.21377996,63.37987543,19.46283404,13.95525032,37.99872686,16.74870061,7.704917607,15.28211392,17.79910913,1.343356288,-8.924175889,6.52392363,8.312871844,-4.133198501,0.415066302,-9.110041149,-8.816417232,-5.667502957,-6.236550982,-5.978936905,-4.893356474
ERI,..,..,..,..,13.4547625,21.22141119,2.858379059,9.258838563,7.908684578,1.772583091,0.013480096,-3.141985903,8.755435528,3.005429192,-2.655515925,1.451735566,2.574449551,-0.969217111,1.426822211,-9.783030018,3.876501528,2.194190349,8.679800101,..,..,..,..,..,..,..,..,..
EST,..,..,..,..,..,..,..,4.935978309,13.04653177,4.330299464,-0.403441557,10.10652281,5.979600665,6.802392818,7.56668921,6.767457416,9.490298742,9.718761103,7.573578039,-5.088940351,-14.43387019,2.690335599,7.426671578,3.110237736,1.346184732,2.987324825,1.844886677,3.187817083,5.49915471,4.355464765,4.996443785,-2.932248056
SWZ,12.91110407,21.01800054,1.760376349,3.226206881,3.106114157,2.400691039,4.82565155,3.842053638,3.10280535,2.604039401,2.950875211,1.76017376,1.054764906,4.380099088,3.880213586,3.623914226,5.99877655,5.992166838,4.435375577,0.821663914,1.565048852,3.793754968,2.247229761,5.391309307,3.862271882,0.913196495,2.203324126,1.100718394,2.026570236,2.371609694,2.243919525,-1.637027507
ETH,-0.36104418,2.726451783,-7.1374797,-8.672480148,13.14283398,3.189964582,6.127511414,12.42617378,3.133906851,-3.458139134,5.162145821,6.07321748,8.301306321,1.514725706,-2.161359722,13.57260314,11.81876595,10.83472707,11.456167,10.78852169,8.802553198,12.55053835,11.17829623,8.647811633,10.58227005,10.25749296,10.39246302,9.433482658,9.564189643,6.816147797,8.364085699,6.056617792
EMU,4.102689856,3.584652769,2.663889473,1.413821207,-0.666275684,2.455358011,2.42154025,1.698403024,2.711705957,3.043918028,2.973999207,3.873722077,2.206329399,0.955316522,0.702077716,2.30018918,1.688843688,3.226193497,2.995979216,0.42173745,-4.499668166,2.137783828,1.669313119,-0.885538224,-0.240938105,1.394348465,2.045962901,1.859287145,2.594004441,1.876578721,1.292106534,-6.665037116
ECS,3.555048507,2.321336216,0.436978039,-0.610482098,-0.850366948,1.056263997,2.126542745,1.761199728,3.051400268,2.608832491,2.903982526,4.291204172,2.267980031,1.670194306,1.839398462,3.240249963,2.739705689,3.959716566,3.664774224,1.045385569,-4.42010383,2.654732734,2.368567587,0.318326219,0.914478582,1.849150793,2.050073256,1.884616612,2.80321426,2.16877557,1.587405125,-5.6729858
ECA,..,-1.426817124,-5.23319962,-10.44003296,-5.480125294,-10.41837025,-1.266337197,0.114963825,2.398257694,-1.655466268,2.135610764,8.058591157,2.682582006,5.475070185,6.673014757,8.433669101,7.198641049,8.117523747,7.677159112,4.413715189,-5.945668597,5.051848463,6.072095764,3.86147091,4.032748898,2.210501094,0.958377115,1.720880798,4.156871267,3.17523208,2.203764511,-1.515204253
TEC,..,-1.426817124,-5.387502619,-9.337799071,-4.593266969,-8.774885199,-0.257286244,0.979789063,3.009473667,-0.717338858,2.428207959,7.437434404,2.485954467,4.996737859,6.218957621,7.888033612,6.664556955,7.80823659,7.552231586,4.341295879,-4.892790935,4.766846331,5.796437925,3.434567775,3.596721351,2.320028077,1.390649631,1.929084125,4.234930598,3.456671255,2.52589378,-1.774906503
EUU,3.924012016,3.37066822,1.841291368,1.164058928,-0.573912441,2.649066102,2.667389968,1.892171308,2.664566796,3.018774924,2.958594622,3.908900695,2.184431728,1.123170141,0.929380867,2.59534265,1.934838345,3.49262891,3.152333689,0.645831792,-4.325739317,2.210614298,1.81701374,-0.747025972,-0.047823839,1.573716893,2.302112421,2.006648752,2.803063299,2.114049204,1.559725887,-6.201572838
FRO,..,..,..,..,..,..,..,..,..,..,..,..,..,..,..,..,..,..,..,..,..,..,..,..,..,..,..,..,..,..,..,..
FIJ,7.438632436,5.800002719,-2.700003729,6.10000191,2.130032421,5.099999609,2.499998538,4.80000043,-2.199999369,1.300000452,8.799998719,-1.699998416,2.000000147,3.199999114,0.999999345,5.299999705,0.700000402,1.852483872,-0.85065431,1.03279422,-1.386037708,2.954672422,2.705143029,1.411314382,4.73421949,5.603141161,4.502018108,2.444752967,5.353631074,3.812637219,-0.4453347,-19.04875649
FIN,5.087143674,0.670275844,-5.886328069,-3.294660066,-0.66199803,3.963052424,4.21686747,3.66717983,6.333795654,5.457180501,4.379575723,5.773362458,2.610019124,1.707148962,2.003784203,3.99209129,2.779850556,4.027409658,5.299336507,0.783995061,-8.074447432,3.185958654,2.547664838,-1.397545728,-0.901696316,-0.364908157,0.543659212,2.811457767,3.19240963,1.311835053,1.272842506,-2.773576706
FCS,-3.925978985,10.07117233,-2.684760476,3.908926951,0.889765423,-0.81314379,2.678224427,3.314181893,5.949602306,4.823644625,0.611413294,5.344034103,3.913131668,0.018976455,-2.989712743,14.07687991,7.921151833,7.852766589,7.512402549,6.057930423,3.163754693,4.659413265,0.719964433,7.72718526,4.19818124,1.646664524,2.441290705,2.563330135,2.396474046,2.543710809,2.492881071,-5.246873367
FRA,4.343861063,2.923935081,1.048175847,1.599342677,-0.628666352,2.358342181,2.106695253,1.412993673,2.336296529,3.588659425,3.421373799,3.923669227,1.983721419,1.135531482,0.823160757,2.829752929,1.66321998,2.449323601,2.424736243,0.25494596,-2.873313828,1.949437623,2.192700633,0.313134751,0.576326675,0.956183052,1.112912341,1.095464404,2.291419994,1.792863927,1.50859403,-8.114907097
PYF,3.000001971,2.200000128,4.899996203,0.89999758,0.100003234,0.800002278,0.499993912,0.30000031,1.900004145,6.199995771,4.000004643,4.000000343,..,..,..,..,..,..,..,..,..,..,..,..,..,..,..,..,..,..,..,..
GAB,8.54530999,5.192237277,6.112503483,-3.090145652,3.946555008,3.712754841,4.973847763,3.62504902,5.738367395,3.477833587,-8.932622802,-1.882966398,2.135233422,-0.249033169,2.247330012,0.689543058,2.676203333,-2.806578356,6.008108025,-3.308430649,0.13033112,7.089887315,7.091753343,5.251076918,5.638699003,4.314964441,3.878899395,2.091442208,0.472642031,0.842950946,3.944946204,-1.323936553
GAM,5.895721872,3.558879369,3.107039222,3.378688791,3.012101374,0.15434596,0.881848241,2.223545638,4.89999911,3.499998702,6.39999905,5.500000216,5.800000243,-3.25000015,6.869999622,7.050000001,-2.351729362,-0.555580977,3.043249508,6.255905534,6.665724308,5.90833581,-8.130444223,5.241569246,2.87276879,-1.407382495,4.058073804,1.943359655,4.822611249,7.234890333,6.056765744,0
GEO,-7.195201896,-14.7882259,-21.10000073,-44.89999946,-29.30000197,-10.39999397,2.599996724,11.20000201,10.51904122,3.104902718,2.869257044,1.838341066,4.805453273,5.473836801,11.05872319,5.794496346,9.589574062,9.419770648,12.57895343,2.418571659,-3.650513631,6.249487768,7.399999867,6.369008306,3.621305352,4.431924823,3.02220738,2.90643878,4.842603225,4.842919885,4.982350475,-6.159672928
GER,3.896551692,5.255006083,5.108261522,1.923076559,-0.976849818,2.391892071,1.544146496,0.805822891,1.792160821,2.013932785,1.887261154,2.912502964,1.681468481,-0.197973835,-0.700116686,1.175088132,0.731707164,3.816441913,2.976455131,0.959879134,-5.693836336,4.179882499,3.925192705,0.418497594,0.437591303,2.209543431,1.491931528,2.229999868,2.601976005,1.267995232,0.555450888,-4.89654545
GHA,5.0858727,3.328817883,5.281826369,3.879419072,4.850000569,3.299999809,4.112418929,4.60246109,4.196357458,4.700390844,4.399996886,3.70000004,4.000000099,4.499999578,5.200000074,5.599999989,5.900003916,6.399912502,4.346819164,9.149798975,4.844486998,7.899711889,14.04712363,9.292789405,7.312525007,2.856240199,2.12075931,3.373465725,8.128894916,6.200077672,6.507774788,0.414443468
GIB,..,..,..,..,..,..,..,..,..,..,..,..,..,..,..,..,..,..,..,..,..,..,..,..,..,..,..,..,..,..,..,..
GRE,3.799999597,0,3.100000288,0.69999994,-1.60000021,2.000000356,2.09971959,2.862129007,4.484199227,3.894904809,3.072596359,3.919770794,4.131611977,3.922871898,5.794531643,5.060992425,0.599142172,5.652433373,3.273746857,-0.33517238,-4.300733885,-5.479036989,-10.14931457,-7.082353942,-2.741772076,0.698145275,-0.411901538,-0.489852889,1.280824834,1.558977652,1.856675112,-8.247736115
GRL,6.659545024,-11.71953298,-0.113464597,-5.111700032,-5.027932629,5.924369801,3.728677489,1.529637361,1.468926381,7.757981745,1.377884445,7.101596882,1.269035079,-0.971177311,4.430045721,6.906582837,4.987491771,5.555694901,2.352437981,6.166132702,0.865952329,1.735825059,-0.496519392,1.39419336,-1.298280693,4.742135673,-2.529318024,4.68195411,0.468546638,3.218027331,..,..
GRN,3.767730787,4.012611902,1.385545812,-0.851148756,-1.958815581,1.693556044,2.12947515,4.438234716,5.015494609,11.75350299,6.898362434,4.887952137,-2.023900041,3.43732353,9.463973431,-0.647450316,13.27618833,-3.995328244,6.123450947,0.947542625,-6.613281348,-0.511262754,0.764976824,-1.155143735,2.351418773,7.344076522,6.443143733,3.735614132,4.442740288,4.141152838,1.981554122,-11.23075823
GUM,..,..,..,..,..,..,..,..,..,..,..,..,..,..,0.879314135,6.493789497,3.642316349,-3.652517275,0.717213115,2.034587996,0.438683948,2.263251936,0.077654824,2.13385063,1.690408357,1.793051924,0.825688073,0.181983621,0.890099909,-0.900252071,1.980377907,..
GUA,3.942589519,3.10256318,3.658248724,4.838338846,3.927131982,4.033741482,4.948547512,2.957779892,4.364089915,4.99352783,3.847062178,3.608868735,2.332574853,3.839287086,2.560377668,3.137916836,3.276026926,5.351397787,6.33771869,3.293524,0.476898107,2.884175428,4.163906883,2.974708568,3.694819199,4.443977583,4.092170816,2.677802555,3.079851491,3.322097997,3.866856575,-1.519328029
GUI,4.003476013,4.324062754,2.613423005,3.270947301,5.044144542,3.970099106,4.607673202,4.461575085,5.181603459,3.644121242,3.812004035,2.503060562,3.658346471,5.164609466,1.24860126,2.340117313,2.997272562,1.189613767,6.817473228,4.133009273,-1.122641485,4.813362867,5.612108175,5.915288884,3.945683805,3.696541843,3.825921667,10.82062144,10.30000049,6.358491927,5.646175568,6.988559971
GBS,6.100000021,6.099999986,5.100000023,1.099999971,2.1,3.20000002,4.400000008,11.6,6.5,-28.09997973,1.025537409,5.426987367,2.188906815,-0.985177525,0.568510176,2.76140199,4.266098931,2.309357998,3.262955456,3.203567307,3.368974958,4.6109709,8.084779734,-1.712683012,3.255904265,0.964560751,6.134082941,6.262805638,5.919176626,1.283736703,4.499999992,-2.399999999
GUY,-4.916666667,-3.067484663,6.057866184,7.757885776,8.175105493,8.532423167,5.031446558,7.955517541,6.18066561,-1.679104492,2.960151803,-1.363803903,2.279521659,1.132626962,-0.632225388,1.56335211,-1.950957595,5.12960934,7.191272927,1.605258868,3.877460611,3.779631771,5.339206232,5.382259989,3.653298082,1.686400111,0.687398061,3.807483433,3.734494656,4.440980724,5.352830787,43.47951463
HAI,-2.913424397,1.038122801,1.880544724,-5.309932915,-5.426295999,-11.95062928,9.897707474,4.140773333,2.704713924,2.181840333,2.710248016,0.870059253,-0.334251278,0.924492705,3.359387776,-1.233191515,3.617614016,1.744562258,5.570125758,2.478297341,6.31289037,-3.805275685,6.154225158,0.553166536,3.085008621,3.401777226,1.616915115,1.722544838,2.286127252,1.667826664,-1.68198513,-3.373750496
HPC,2.098519514,-0.409266791,0.767685994,-0.49844351,0.64814414,-0.08159888,5.091412921,5.078751784,4.170581295,3.533771186,3.154710701,2.685353146,4.249343219,3.585980843,4.537169915,5.414900943,5.943451468,6.222939641,6.203406978,6.01537549,4.492422867,5.821655743,4.798535553,5.718105411,5.814322437,5.987631764,4.618615263,4.230309297,5.080378956,4.563066311,4.062998902,0.267308661
HIC,3.967822495,3.238778895,1.633563898,2.095325484,1.138776715,3.122995448,2.855555662,3.007162036,3.383241023,2.730286812,3.257861733,4.041970079,1.498786344,1.515478398,2.194285396,3.312879096,2.852239807,3.128135345,2.789108647,0.389914274,-3.306246803,2.981310244,1.842174863,1.280122036,1.455299445,2.05907049,2.388929988,1.729721281,2.392799221,2.217647655,1.593177475,-4.702049934
HON,2.72784893,2.791748949,-3.319308423,6.073687877,6.495718208,0.211903499,6.189304558,1.870776294,4.598083062,3.590233034,-0.735651085,7.291288159,2.723193273,3.754337861,4.547038052,6.232302961,6.050599222,6.567243552,6.188327167,4.23160011,-2.43162788,3.731140344,3.835690662,4.128687749,2.791559757,3.058080562,3.840079971,3.892972197,4.842913911,3.84499477,2.653066255,-8.964760184
HKG,2.277010721,3.830529937,5.701964313,6.23498354,6.201089125,6.036070169,2.373748194,4.258445311,5.099660481,-5.882622876,2.506689764,7.663462103,0.560880517,1.656652582,3.056254298,8.700065555,7.388176852,7.032611619,6.464804513,2.127917031,-2.459140302,6.767668588,4.814682268,1.700325218,3.101546766,2.762376595,2.387802316,2.169494388,3.791005986,2.846447939,-1.67975617,-6.081467784
HUN,..,..,..,-3.064180346,-0.576108517,2.947154558,1.489525475,0.0824118,3.143129062,3.899998395,3.071029889,4.479191193,4.074092624,4.741283466,4.084523985,4.822853473,4.243622884,4.031013267,0.242181101,1.05828925,-6.699554137,1.12217825,1.937107794,-1.380623328,1.860751624,4.228950735,3.819428379,2.139995712,4.316780987,5.399709209,4.641297075,-4.956748517
IBD,2.8620613,2.008763647,0.977486242,0.882875341,2.983319799,2.630307069,3.731814606,4.905393611,4.980534089,2.022534703,3.168642843,5.774869566,3.280140508,4.091530287,5.268154489,7.715732034,6.877439305,7.877227105,8.482049218,5.550059769,2.013633797,7.308317313,5.997146634,5.053581513,4.971275258,4.311585604,3.93014054,4.308439077,4.946735507,4.526229311,3.655169383,-2.057404797
ISL,..,..,..,..,..,..,..,4.567123522,5.771525453,7.362790331,4.034923527,4.98504277,4.013497555,0.559519082,2.142688379,7.802399508,6.124438965,6.316993086,8.454860096,2.209496419,-7.66380956,-2.832774915,1.845779156,1.063636607,4.55246032,1.687215018,4.436663719,6.303687107,4.194948829,4.714813788,2.569012001,-6.649105413
IBT,2.84329178,2.149421271,1.01660738,0.947525599,2.814674033,2.483431194,3.706197274,4.897069059,4.86433046,2.105204621,3.158079976,5.647749451,3.373559959,4.201483143,5.264554915,7.647599964,6.834942393,7.769201072,8.343763565,5.53557234,2.234121012,7.236033783,5.902505962,5.030481633,5.035039234,4.415896181,3.927363791,4.230554878,4.900491905,4.528104126,3.655164656,-1.965555832
IDB,2.887587496,6.655430431,1.781051952,3.015080644,-0.432157372,0.651463337,1.815113238,4.631846,2.10813929,2.704685602,1.973752565,3.78048248,4.441261777,7.57367021,5.151072976,7.570659975,5.935366607,5.780360232,5.745389171,4.320334922,6.072059077,6.305848148,4.807785589,4.604469925,5.727322658,5.941683724,3.733800958,1.464140831,2.719450496,3.475885866,2.306079405,-1.092656982
IDX,2.367186206,1.084382356,1.294291454,0.477866298,1.672750043,0.269411807,5.070669078,4.939662156,4.424279494,3.919719159,4.089582608,3.880941912,5.012038815,3.954311243,5.279333683,5.807572612,6.551581679,6.717895433,6.985363266,6.33885972,4.818688089,6.135899272,4.313435976,4.790111292,6.184588328,5.878826528,4.04198354,4.815436098,5.719494643,5.562373028,4.911849536,-0.253354272
IDA,2.641571052,4.028792855,1.552867621,1.828709898,0.540636618,0.471259377,3.347590914,4.779446536,3.220446957,3.295000998,3.007930524,3.830100773,4.724910676,5.769821831,5.21445597,6.698852338,6.237526039,6.241437143,6.357939417,5.323373523,5.43669652,6.220202124,4.558854988,4.697622171,5.956974882,5.910047183,3.88886605,3.145586885,4.249031513,4.554692493,3.655097035,-0.653062869
IND,5.947343328,5.533454563,1.056831433,5.482396022,4.75077622,6.658924067,7.57449184,7.549522249,4.049820849,6.184415821,8.845755561,3.840991157,4.823966264,3.803975321,7.860381476,7.922936613,7.923430621,8.060732573,7.660815065,3.08669806,7.861888833,8.497584702,5.241315001,5.456388753,6.386106401,7.410227605,7.996253786,8.256305502,6.795383419,6.532989011,4.041554187,-7.964610411
INA,7.456586925,7.242131639,6.911982836,6.497506517,6.49640812,7.539971096,8.220007399,7.818187077,4.699878854,-13.12672549,0.791126082,4.920067747,3.643466447,4.499475391,4.780369122,5.030873945,5.692571304,5.500951785,6.345022227,6.0137036,4.628871183,6.223854181,6.169784208,6.030050653,5.557263689,5.006668426,4.8763223,5.033069183,5.069785901,5.17429154,5.018159715,-2.069543499
IRI,6.027315491,13.83815676,12.39686143,2.862382628,1.028345454,-1.474029871,2.284076815,5.197121181,0.498325524,2.174202824,0.934516318,5.808898853,0.853698459,7.287152062,8.711978686,4.383944068,3.189804087,4.999795262,8.155773524,0.250856553,1.007385458,5.797938302,2.645717918,-7.44455703,-0.194073471,4.60341888,-1.32064512,13.39624262,3.755196452,-6.025971803,-6.78422367,1.66179376
IRQ,-3.118535215,57.81782835,-64.04710697,32.5922112,30.28982949,3.854532449,2.120021498,11.02078564,21.23793613,34.85709513,17.58226601,16.92166569,1.761480089,-8.198469828,-36.65815267,53.38179418,1.671889622,5.646297801,1.885572141,8.228107104,3.379299094,6.402564845,7.5464712,13.93643017,7.628571185,0.19701671,4.722864019,13.78737302,-1.753660845,-1.213963399,4.445049635,-10.36509018
IRL,5.813919358,8.466527151,1.929639952,3.343274874,2.692608493,5.755827562,9.634422265,7.370898662,11.01435417,8.727378135,10.50643089,9.413714404,5.310193448,5.899748945,3.000660705,6.782532149,5.736790257,4.991797639,5.318691807,-4.438432115,-5.074696445,1.773231442,0.601090918,0.127807516,1.226853576,8.640445512,25.17640232,1.993760193,9.129439947,8.516395723,5.565201165,3.417815527
IMN,6.845213163,4.186976816,1.604992886,0.80000249,2.599995708,4.000001204,4.299998206,7.700006207,8.599994333,13.50000596,13.69999702,5.300001526,5.399999031,6.199998195,5.999999688,5.200003104,5.899999336,7.699998713,7.50000023,4.900001001,2.100000272,3.399998424,1.999999382,7.303757302,4.141718551,5.155303088,-0.385798408,6.952311475,2.837739696,2.213405599,..,..
ISR,..,..,..,..,..,..,..,4.998515157,3.876010138,3.982470917,3.090237414,7.546501633,0.099450952,0.04897357,1.123803391,4.20130921,3.829403549,5.593636168,5.742456602,2.999678667,0.925296246,5.58024614,4.626407467,2.430918053,4.199807588,3.92086116,2.218113151,3.826574872,3.555612725,3.479370319,3.450279281,-2.439985916
ITA,3.388383454,1.985774943,1.538447558,0.834275454,-0.852805764,2.151023638,2.886836759,1.266784802,1.830212234,1.810615162,1.625727599,3.786955143,1.951371556,0.253942999,0.138626891,1.423594158,0.817848974,1.790639681,1.48707298,-0.962012841,-5.280937208,1.713295839,0.707333347,-2.980905768,-1.841065451,-0.004547542,0.778304351,1.293462732,1.667859041,0.941737193,0.287449937,-8.871146348
JAM,7.173304346,4.200535115,4.838238753,1.955542502,9.417102567,1.383389803,2.349957041,-0.113731206,-1.140459872,-2.334553543,1.047673871,0.878703548,1.344929564,1.997290944,3.666317593,1.3237251,0.893797936,2.89912535,1.431954037,-0.811736703,-4.345301858,-1.457147209,1.730376267,-0.61363604,0.517686013,0.689822357,0.921487125,1.375223064,0.997123062,1.889923681,0.892291654,-10.2
JPN,4.858037686,4.892713066,3.417496762,0.848069581,-0.517919847,0.993066363,2.742140322,3.099999291,1.076045234,-1.128409829,-0.251954272,2.779632825,0.406335903,0.117992777,1.528220148,2.204687882,1.662670405,1.420006556,1.654183881,-1.0935406,-5.416412797,4.191739259,-0.11542134,1.495089586,2.000267841,0.374719476,1.222921041,0.521944455,2.168290737,0.323207338,0.270308582,..
JOR,-10.72921928,-0.275903906,1.608530148,14.3497778,4.486988992,4.971477325,6.200874441,2.087020215,3.308475912,3.012172148,3.389530747,4.245712344,5.269957377,5.783808113,4.161666999,8.567214798,8.146594891,8.092974944,8.176170351,7.232318964,5.023710073,2.314834221,2.737179886,2.429358001,2.609947375,3.384078099,2.496528793,1.994180849,2.087114551,1.934091701,1.955466358,-1.551384325
KAZ,..,..,-11,-5.299999999,-9.200000002,-12.6,-8.200000001,0.500000002,1.699999999,-1.899999999,2.699999998,9.800000002,13.5,9.8,9.3,9.600000001,9.699999999,10.7,8.9,3.3,1.199999999,7.3,7.400000001,4.8,5.999999999,4.200000001,1.2,1.1,4.1,4.1,4.5,-2.6
KEN,4.690348768,4.192050974,1.438346791,-0.79949396,0.353197256,2.632784519,4.406216526,4.146839267,0.47490192,3.290213723,2.305388596,0.599695392,3.779906496,0.54685953,2.932475546,5.104299776,5.906666082,6.472494299,6.850729771,0.232282746,3.306939815,8.405699224,6.10826372,4.563209131,5.878680567,5.357125644,5.718507131,5.8789493,4.805696525,6.318450702,5.365748965,-0.30749749
KIR,-3.361344538,-0.869565217,0,0.877192982,0.869565217,1.724137931,0,1.694915254,1.666666667,6.557377049,-1.538461538,6.25,-1.470588235,3.787462687,2.006324636,-1.629360204,4.951631626,-0.049295323,2.034947265,-2.091436758,0.802751509,-0.923884657,1.594561102,4.713319136,4.214773912,-0.697828087,10.40540793,5.135383281,0.89150817,2.313157811,2.247365963,2.538071066
PRK,..,..,..,..,..,..,..,..,..,..,..,..,..,..,..,..,..,..,..,..,..,..,..,..,..,..,..,..,..,..,..,..
KOR,7.072893605,9.877552502,10.77805613,6.198642798,6.877474129,9.268666338,9.614565393,7.890703326,6.170552427,-5.129448165,11.46694243,9.060833325,4.852399572,7.725142675,3.147291194,5.197391363,4.308542714,5.264326595,5.799548415,3.012984873,0.79269899,6.804824918,3.685667782,2.402530992,3.164708636,3.202453795,2.809103268,2.946881715,3.15963574,2.907403774,2.039348227,-0.957766224
KOS,..,..,..,..,..,..,..,..,..,..,..,..,26.97391478,-0.700947078,5.98014461,2.612125722,6.033231085,4.503032553,7.286082491,6.304897119,3.597140182,3.30863394,4.377008217,2.809624622,3.441470903,1.222800835,4.095282845,4.070291293,4.226086496,3.813314743,4.941931623,-6.888013195
KUW,..,..,..,..,33.99046756,8.436165645,4.858291252,0.605127159,2.473325258,3.662054728,-1.789009125,4.694581871,0.213332576,3.014283152,17.32602042,10.24029806,10.60904498,7.514773,5.991575511,2.479756943,-7.076056431,-2.37026412,9.628406975,6.6258183,1.149300437,0.500876982,0.593019617,2.925868226,-4.712106209,1.246129323,0.427464008,..
KGZ,2.789750936,5.702796635,-7.943925229,-13.83783782,-15.45932822,-20.08515884,-5.42382191,7.084502408,9.915253894,2.121835264,3.65578939,5.443336633,5.321621422,-0.017324602,7.030293201,7.026812415,-0.175515413,3.102898745,8.542874764,8.40161606,2.886294575,-0.471566601,5.956274309,-0.088150201,10.91546945,4.024038626,3.875825448,4.335855917,4.739937225,3.757910128,4.600625657,-8.616551018
LAO,14.19063663,6.704578687,4.296563641,5.559857768,5.912556556,8.15901853,7.031254328,6.928323725,6.872091273,3.967608091,7.306376073,5.798782326,5.751412882,5.918743682,6.067002304,6.35769548,7.107568369,8.619266209,7.596828801,7.824902763,7.501774913,8.526905517,8.038652681,8.026098434,8.026300226,7.611963441,7.270065843,7.022836255,6.892530873,6.247960008,5.457735092,0.439513531
LTE,4.433730198,0.210973191,0.422988575,-0.725121684,3.350295442,3.362549087,5.012442347,4.351977418,5.026330585,2.082003123,4.150469169,6.778190988,4.701833665,5.530411764,6.279828995,7.881371248,7.179164048,8.728751074,9.611361253,6.510813021,2.640318487,7.62014883,6.701732343,5.403368022,5.216418539,4.660301721,3.987230315,3.808560463,4.882192244,5.044138057,4.365763189,-0.275025611
LCN,1.35233348,0.347371579,3.469091709,2.520002539,3.737977217,4.567165775,1.525699174,3.521124371,5.140436307,2.208834091,0.146260024,3.788101886,0.882121084,0.292505987,1.5646577,6.337130214,4.257263213,5.26210896,5.514461683,3.921206352,-1.87261312,5.841616822,4.369473539,2.77957652,2.784652477,1.004601265,0.08980303,-0.389471442,1.783755336,1.760746048,0.951874195,-6.306779944
LAC,2.000147156,-0.202653619,2.799132896,1.781165239,4.01021919,5.245561607,0.957591031,3.750907446,4.892606977,2.190596053,0.561301967,3.781940274,0.441028335,1.00155458,2.208615042,5.383811227,3.84573437,4.977259963,5.441759786,3.962620891,-1.767736525,6.711721592,4.451218784,2.488713224,2.920291713,1.425340547,-0.01872654,-0.492067199,1.923636039,1.777561113,0.95472583,-6.340189392
TLA,1.27477465,0.483799844,3.751520953,2.695540633,3.949644888,4.617156475,1.442085225,3.50711967,5.164850561,2.168088897,-0.061126039,3.775169949,0.727373949,0.2601084,1.588631004,6.303291112,4.350542992,5.357809376,5.665713468,4.069510817,-1.890312375,6.04648205,4.504495921,2.845085527,2.859277517,1.042593594,0.04555635,-0.397547334,1.864806956,1.85127507,0.957483057,-6.315711632
LAT,..,..,..,..,..,..,..,2.569426197,8.863596899,6.340793186,2.741044389,5.671974915,6.32281135,7.082788433,8.434475033,8.501267505,10.7250863,11.98636285,10.02709965,-3.32730004,-14.25971859,-4.406823636,6.46884995,4.251723048,2.310176076,1.073634087,4.006874033,2.372924128,3.25072029,4.024311045,2.02711322,-3.623683916
LDC,2.266476919,0.488564555,1.683334939,0.320858806,-0.952122371,0.601419077,6.094537031,5.820653043,4.741983568,3.951694968,4.150442177,4.09848128,5.245351419,5.329767396,5.407464377,6.60674975,8.001881277,7.565684205,8.220676719,7.078905217,4.778904428,6.167399286,4.000402146,4.861092553,5.965805984,5.95120492,3.582482579,3.912632614,4.899024463,4.816885748,4.33897062,-0.55586445
LIB,-42.45111822,26.53316009,49.44737918,16.43834571,10.7656698,8.105241978,6.448862568,11.28593572,1.054966669,3.665723784,-0.525584634,1.341871619,3.839669278,3.423149827,3.227098269,6.679444617,2.68577931,1.549515002,9.310622525,9.069128269,10.23215558,7.975135559,0.867339877,2.540542492,3.811023284,2.461361188,0.211611959,1.529520107,0.850699559,-1.926404771,-6.7,-20.29999319
LES,5.795244407,6.04547333,6.966607113,6.956364957,3.509766478,5.979873128,3.290938546,5.597035759,3.703603596,1.53765564,0.476025102,3.875546814,3.561582191,0.723835961,4.559776811,1.692374206,3.466122481,4.230094854,4.187914418,5.522028201,-1.255514626,5.266280653,4.614252238,6.334821701,1.792531445,1.710544004,3.127557724,3.588364597,-3.141949946,-1.223137311,-0.381431982,-11.06099374
LBR,..,..,..,..,..,..,..,..,..,..,..,..,2.920272969,3.763018282,-30.14513259,2.619847686,5.281212071,8.043906248,9.535279869,7.145688998,5.300539377,6.099827602,8.20076584,7.993815693,8.704028066,0.701143912,0,-1.599584075,2.468626095,1.222551313,-2.278245125,-2.870722428
LBA,..,..,..,..,..,..,..,..,..,..,..,3.679213293,-1.762878168,-0.958849381,13.01600108,4.461629982,11.87072893,6.500547227,6.352316994,2.66735579,-0.790141832,5.021289739,-62.07591958,123.1395552,-13.59999997,-24.00000003,-8.862039363,-2.79546889,26.68090263,15.13279989,2.535953478,-31.3
LIE,4.491985305,2.252870971,1.801170074,3.608293844,4.332101206,6.866144132,5.8755504,6.9053018,7.225134855,7.761262837,10.4109232,3.220193082,-0.733092455,-0.993919947,-1.937565341,3.039172103,4.828076777,8.644968573,3.325963509,1.798088478,-1.15748292,..,..,..,..,..,..,..,..,..,..,..
LTU,..,..,..,..,..,..,..,5.158464317,8.310921562,7.475758724,-1.141571156,3.695525421,6.526108902,6.751414576,10.56595699,6.569490118,7.732367604,7.414121335,11.10748014,2.614423033,-14.83860837,1.651240653,6.03900816,3.843864749,3.550072843,3.537009879,2.024583955,2.518828273,4.282596951,3.936845901,4.338861033,-0.87190554
LMY,3.204260507,1.990903502,0.852789479,0.558598722,2.759868319,2.51329317,3.559349034,4.993448962,4.722432775,2.043208068,3.466501565,5.75843413,3.448102036,4.611198484,5.613893781,7.539056218,6.887038262,7.803145847,8.422890325,5.607394413,2.424317708,7.536799167,5.979306372,5.124746063,5.215224941,4.626573953,3.951472743,4.286260644,4.944548412,4.525047202,3.661871633,-1.892597332
LIC,2.923382018,-1.783139576,0.931884098,-0.696511202,0.669964571,0.943135728,4.96448387,5.311416943,4.859698054,3.501107526,3.297505838,2.885297365,5.368918673,4.359189587,5.206552822,5.914777375,7.116645235,6.887654039,7.713869098,6.654735598,5.003682165,6.831514247,2.311014166,2.652482027,6.175382465,5.93163385,1.900707918,3.639410734,4.429931601,4.530772631,4.112021372,0.916680721
LMC,4.847329146,4.810678475,2.431956358,2.657541278,1.332990767,2.103865744,4.51568503,5.790496917,3.343876321,0.980349714,4.129853821,4.455747035,4.006912132,4.900191178,6.413721629,6.595138723,6.118529147,6.485244832,6.905396097,4.086479416,4.498983106,6.629141841,4.834915887,4.075407967,5.049569114,5.578824776,4.980274751,6.075102588,5.186218947,4.459192937,3.322879733,-4.142980531
LUX,9.79805867,5.319932787,8.644188197,1.819656294,4.200647544,3.820918661,1.432200588,1.38843119,5.709715408,6.044652615,8.480999838,8.23980206,2.531974812,3.819469333,1.629285585,3.612178658,3.172441709,5.178484602,8.354554069,-1.279586241,-4.358606547,4.864968979,2.539235768,-0.352520089,3.654371342,4.296786305,4.306431493,4.574601051,1.801180955,3.110836266,2.296978816,-1.313204543
MAC,5.025023757,7.98035975,3.658972583,13.29905907,5.186453577,4.252432804,3.296493572,-0.419067135,-0.279148218,-4.57105646,-2.359113427,5.747116004,2.888188895,8.911023241,11.64021569,26.63066969,8.075614408,13.3902834,14.47677323,3.39130334,1.274149446,25.12291651,21.61647486,9.242247226,10.75279792,-2.048265666,-21.49264721,-0.674489248,9.982505239,6.466006544,-2.628861476,-56.30824513
MAD,4.074880658,3.128905054,-6.306351594,1.180884942,2.099923187,-0.042101301,1.678592317,2.154204476,3.693492616,3.917074599,4.699227044,4.456858938,5.980235764,-12.4079711,9.784892121,5.257003621,4.755845097,5.39850845,5.710564197,6.71263895,-3.978708646,0.619229746,1.578429421,3.011146408,2.300386934,3.339202244,3.132295888,3.993146085,3.933316171,3.2,4.4,-4.200002074
MAW,1.344689707,5.692294494,8.730231829,-7.332978135,9.691840268,-10.24018173,16.72881759,7.316681511,3.792419099,3.89525363,3.042278091,1.576077837,-4.974963846,1.700000014,5.705639437,5.420497694,3.268725828,4.699999992,9.600000003,7.639736774,8.328110276,6.874065635,4.854055109,1.885799507,5.199999998,5.700000004,2.799999999,2.484040626,4.000030517,4.420621465,5.721106077,0.8
MAS,9.059600866,9.00852714,9.545467414,8.885117978,9.894943334,9.212041793,9.829085197,10.00270069,7.32274185,-7.359415188,6.137612011,8.85886817,0.517675319,5.390988307,5.788499286,6.783437724,5.332139161,5.584847067,6.298785927,4.831769889,-1.513528716,7.424847383,5.293912834,5.473454193,4.693722526,6.006721946,5.091532422,4.449781398,5.81272241,4.769927024,4.302815982,-5.587744678
MDV,..,..,..,..,..,..,..,7.858646927,8.39794083,7.494683025,6.175655828,3.845810392,-3.943634354,7.268386313,13.75004982,6.033754049,-13.12905343,26.1114935,7.713867271,9.485332661,-7.228841465,7.265129068,8.566733531,2.517383942,7.281073979,7.329626203,2.88454853,6.33752979,7.210479788,8.128813661,6.98667554,-31.98206371
MLI,4.177388109,-2.502395103,11.74520379,-3.21866249,3.172168177,3.779934051,0.921022398,7.055785404,4.829024339,7.57166764,5.700943654,-0.060834972,15.37623946,3.106308252,9.119041995,1.559998661,6.534778775,4.662186878,3.493616813,4.773145081,4.806322267,5.313935279,3.21313378,-0.836734632,2.29506829,7.084683881,6.171800024,5.852299199,5.305456084,4.746484327,4.765860521,-1.649261401
MLT,8.179105581,6.291390958,6.256492082,4.690932431,4.480749359,5.651104737,6.342493183,3.777335762,5.256980145,5.125601231,4.719974882,19.6812701,-1.174697348,2.565263253,4.07406885,0.140268127,3.383593576,2.510142345,4.7747056,3.826359416,-1.133873468,5.543639385,0.467050856,4.117707299,5.473355695,7.633538112,9.608132811,4.090917429,8.119425289,5.179224796,5.539566337,-7.001129615
MHL,-1.691608812,2.676246464,0.087825243,7.140858631,6.006240667,5.877726957,8.213253819,-10.30294677,-6.445662796,-0.81939372,-1.25514282,1.354079109,6.826085172,3.741452132,-1.615875909,0.949293706,2.35344276,-0.350859671,3.230407049,-6.179590788,3.184525712,6.668641057,-0.612309009,-2.295210414,4.017979699,-0.950334665,1.613921462,1.029898109,3.382740806,3.34508051,6.529003345,..
MTN,4.777585421,-1.771304534,1.788087282,1.874125731,5.873637432,-3.060732225,9.819800419,5.818826634,-4.044696525,2.777804784,3.673178323,-3.918025879,-0.799493816,1.381483962,6.928269551,4.732757925,8.566287249,18.33319876,-1.969422752,-0.331079195,0.097875872,2.620229521,4.172783283,4.470013182,4.150813186,4.274823271,5.376339237,1.260909224,3.497175006,2.115267637,5.931442105,-1.488487214
MRI,4.46514861,7.186736771,4.435446262,6.512698594,5.082062928,4.136142898,4.287736571,5.587843899,5.687477444,6.071940161,2.610932319,8.202791783,3.347540711,1.614918645,5.925445489,4.330019872,1.777543037,4.865544591,5.727016142,5.38696257,3.315076989,4.377203239,4.077538074,3.496118338,3.360406103,3.744575773,3.55307173,3.837932629,3.814152115,3.759677231,3.014762911,-14.86783129
MEX,4.105509331,5.175768386,4.214754839,3.541102416,1.941155848,4.941080676,-6.291230821,6.773258694,6.846852279,5.163925168,2.753554247,4.942453715,-0.404390127,-0.039844481,1.446382684,3.92059081,2.307807066,4.495077894,2.291445714,1.143584587,-5.285744137,5.118118143,3.66300793,3.642322679,1.354091962,2.849773255,3.293151528,2.630532425,2.113129135,2.194992049,-0.054527928,-8.239473277
FSM,3.526011561,3.740926857,7.427341227,4.008016032,8.140655106,-0.534521158,7.014464845,-3.182371519,-6.060937437,2.85051586,1.37443839,4.833903786,2.167602441,0.546997672,1.572115067,-3.080153047,2.041867164,-0.081055293,-1.836185294,-2.408492587,1.093099241,2.259389956,3.188574755,-1.866819755,-3.679767791,-2.305775745,4.621884004,0.900180417,2.682185944,0.2116536,1.20028899,..
MEA,3.072715448,13.70537836,3.871389444,4.410900378,2.725379228,2.212017922,2.584970616,4.726073386,3.379819642,4.570794507,1.750562226,6.748737705,1.18053596,1.447017202,5.024158483,8.110965326,4.920835991,5.831502245,5.190140745,4.504965734,0.502209511,4.981797283,3.737305979,3.907791717,2.79809767,2.928918177,2.55765902,4.932933051,1.60383526,0.894609164,0.488504619,-3.664477363
MNA,2.742146034,12.90808765,-1.400718026,4.661195223,2.785839903,1.463859726,2.560772691,6.101426539,3.279608616,6.815085694,4.298911036,6.308974601,2.18532873,2.995008734,1.861698232,8.262993907,4.259297255,5.063596266,6.1395113,3.536928077,2.552603672,5.249468918,-0.938525829,2.803003315,1.721043934,2.046228304,1.036236487,7.663050483,3.009101538,-0.467232051,-0.381377085,-3.636157722
TMN,2.742146034,12.90808765,-1.400718026,4.661195223,2.785839903,1.463859726,2.528190447,6.137921319,3.198501201,6.755579725,4.265164597,6.432418915,2.267350187,3.092978056,1.79642139,8.180809619,4.211626826,5.107473187,6.155546131,3.51097576,2.510800279,5.245599095,-1.016176811,2.776135349,1.695968558,2.065338239,1.013463552,7.652586389,3.023101921,-0.481921126,-0.396938618,-3.565138835
MIC,3.208987068,2.042238739,0.851676969,0.576266583,2.789138834,2.534818027,3.540401037,4.989116306,4.720556645,2.023261275,3.468847235,5.798072976,3.422039527,4.614682186,5.619761857,7.562363725,6.883793996,7.816109608,8.432843913,5.592788813,2.386112938,7.547512705,6.034658114,5.160539078,5.20165548,4.607959435,3.981093636,4.295218026,4.95162986,4.524968808,3.655986032,-1.929644122
MDA,..,..,..,..,..,..,..,-5.877060205,1.647064503,-6.542192023,-3.368254529,2.107716048,6.100000413,7.799999641,6.600000038,7.39999969,7.500000139,4.79999985,3.00000024,7.800000145,-6.000000289,7.100000084,5.818166405,-0.589734126,9.043865482,4.999625669,-0.338235324,4.408886724,4.69079339,4.301477742,3.580484271,-6.969046296
MCO,4.163659309,2.643454173,1.015127899,1.366640153,-0.913917519,2.215623411,2.117152311,1.110730002,2.237248754,3.503266589,3.300542834,3.910229226,2.187732536,1.026495079,1.087536596,2.470484448,1.895415281,5.803936536,14.42889902,0.666834793,-11.30000062,2.099999899,7,1.000000923,9.599998464,7.200000717,4.899999169,3.500001391,-3.40000081,6.100000475,7.5,..
MGL,4.178195743,-3.184460178,-8.693544731,-9.256465705,-3.168791549,2.134382694,6.376426887,2.235093844,3.896713583,3.3399366,3.07036901,1.146062137,2.952710544,4.732978465,7.004634575,10.62540596,7.25366544,8.556234809,10.24801636,8.900367946,-1.268598941,6.365161685,17.29077758,12.31981985,11.64891619,7.885225482,2.379835807,1.168393456,5.337037933,7.246629636,5.159070603,-5.335552017
MNE,..,..,..,..,..,..,..,..,..,4.900006713,-9.400001407,3.100000184,1.099842719,1.90393392,2.482659361,4.426052958,4.180601527,8.566419508,6.810150491,7.222790871,-5.795094085,2.734374433,3.228418728,-2.723799564,3.548984342,1.78368226,3.39035841,2.949340815,4.716438739,5.077865034,4.062955413,-15.15898443
MAR,2.846202581,3.411812226,7.216088161,-2.097738761,-0.740591692,10.5880004,-5.405447867,12.37287628,-1.560702356,7.23855269,1.081332562,1.912872981,7.319967454,3.121449656,5.961162155,4.797018362,3.291639684,7.574631645,3.531594152,5.923277686,4.243757321,3.815717917,5.245697297,3.009961262,4.5354242,2.669493927,4.536378168,1.05985639,4.248949211,3.148502644,2.481905132,-7.117232169
MOZ,6.500004552,0.999992833,4.925451257,-6.124715451,10.59852967,6.533396458,2.259757178,11.2025196,11.30106865,9.931251949,11.69852372,1.180300789,12.0868744,9.291051885,6.878532872,7.916407836,6.645908281,9.694374092,7.729746242,7.317755324,6.318197232,6.502353115,7.417384316,7.258439253,6.963607135,7.398512797,6.72327878,3.824214319,3.741317593,3.44381384,2.292736927,-1.281886972
MYA,3.695297423,2.816933273,-0.650616908,9.660942453,6.039410227,7.477958358,6.948051437,6.442715348,5.651582963,5.866213153,10.94512998,13.74593056,11.34399707,12.02551343,13.84399689,13.56466162,13.56895002,13.07610138,11.99143524,10.25530539,10.5500091,9.634439452,5.591482378,7.332670447,8.426001025,7.990915597,6.99284029,5.7500645,6.404977325,6.750460146,1.69442381,-9.992044686
NAM,1.858674962,2.04745994,8.165612443,7.189342571,-1.57953922,1.729879563,3.899014231,3.191324283,4.22010037,3.291585488,3.369278512,3.492183328,1.177948745,4.788661255,4.239794289,12.2695481,2.529262602,7.0731753,5.374044174,2.649812009,0.295970945,6.039249491,5.091338114,5.061682087,5.614719617,6.092519139,4.264174529,0.033794488,-1.027250823,1.108049093,-0.60608576,-7.983543825
NRU,..,..,..,..,..,..,..,..,..,..,..,..,..,..,..,..,0,6.060606061,-22.85714286,22.22222222,9.090909091,11.11111111,10,11.36363636,30.6122449,26.5625,3.703703704,3.571428571,-5.747126437,6.097560976,0,..
NEP,4.329647934,4.635036347,6.368150403,4.106406612,3.849850022,8.216002709,3.468451883,5.328284175,5.048612536,3.016389482,4.412573271,6.199999988,4.799892149,0.120143175,3.945037767,4.682603245,3.479181046,3.364614788,3.411560276,6.104639142,4.53307872,4.81641465,3.421828241,4.438493505,3.525153171,6.011482843,3.976053272,0.433113719,8.977279356,7.622376105,6.657055428,-2.088378695
NED,4.420117896,4.183222986,2.439134408,1.706070897,1.257552158,2.961092569,3.116035986,3.498742121,4.329053405,4.66391716,5.034048152,4.195642498,2.326955087,0.217273595,0.155645898,1.984945714,2.050876108,3.460988954,3.772842521,2.170324851,-3.666883937,1.342739336,1.551189312,-1.030353991,-0.130175288,1.423395395,1.959169721,2.191713719,2.910902513,2.360915095,1.677418368,-3.741328235
NCL,10.99999947,3.600001274,4.900028139,0.519994838,0.529794652,2.590186894,5.940031114,0.4498791,2.007152305,-3.200275506,0.900172502,2.100108842,..,..,..,..,..,..,..,..,..,..,..,..,..,..,..,..,..,..,..,..
NZL,0.161232578,0.152969261,-1.090460159,1.09440183,6.391425164,5.11848834,4.72314626,3.616896776,2.049747447,0.797407034,5.450897796,2.905022988,3.464846662,4.674401833,4.54980201,4.028139435,3.321144113,2.880937844,3.027510555,-1.115041324,-0.135169931,1.527994135,2.256736921,2.24064087,2.695783859,3.813831016,3.707375818,3.730079893,3.613281553,3.20574788,1.633932613,0.981029013
NCA,-1.73821633,-0.052499721,-0.189281496,0.386346619,-0.392936019,3.337726081,5.911907916,6.344268336,3.966650879,3.711681463,7.035970573,4.101590155,2.960843554,0.753938895,2.520732899,5.312170527,4.282398312,4.152323187,5.075817499,3.435572996,-3.29204088,4.40884491,6.317524825,6.496747299,4.926792269,4.785170747,4.793318181,4.562313014,4.631383681,-3.363705717,-3.674259061,-1.977329393
NIG,0.957045972,-1.308478284,-0.439489101,2.000752361,0.321655475,1.854778792,2.457244121,0.100530504,1.527475712,9.972614957,-0.219562519,-1.208477743,7.268134903,4.918470578,2.170610381,0.36380158,7.331868841,5.931049974,3.142724084,7.731414229,1.962600905,8.578166743,2.357756936,10.54894458,5.315130636,6.642136654,4.392648832,5.709274187,4.999097165,7.219172668,5.90279179,1.500005543
NGR,1.919381297,11.77688593,0.358352604,4.631192947,-2.035118776,-1.814924483,-0.072664767,4.195924045,2.93709942,2.581254103,0.584126895,5.015934757,5.917684652,15.32915574,7.34719497,9.250558228,6.438516525,6.059428031,6.591130361,6.764472778,8.036925102,8.005655915,5.307924204,4.230061175,6.671335393,6.309718656,2.652693295,-1.61686895,0.80588662,1.922757342,2.208429277,-1.794253082
NAC,3.670956381,1.885008088,-0.109974788,3.520710173,2.752963715,4.02723408,2.68506329,3.771961995,4.447285852,4.331622551,4.684216633,4.1982427,1.036617541,1.887731392,2.946082598,3.808583096,3.645756238,2.975547873,2.336918837,-0.027224507,-2.576179961,2.612573082,1.7040751,2.198583694,1.889212184,2.557805327,2.835507293,1.641859949,2.401187048,2.940452193,2.131756188,-3.670536125
MKD,..,..,-6.170767647,-6.565198677,-7.469271319,-1.758166181,-1.114727694,1.185103889,1.439981337,3.378735647,4.339027913,4.549135783,-3.067256625,1.493665472,2.222601657,4.67408958,4.724088642,5.137025162,6.473486858,5.47200139,-0.358614857,3.358750858,2.339886045,-0.456183224,2.925257665,3.629123513,3.85586514,2.848205194,1.081772738,2.88059671,3.17415085,-4.531995024
MNP,..,..,..,..,..,..,..,..,..,..,..,..,..,..,0.343170899,-3.077975376,-12.70289344,-6.871463217,-6.684027778,-11.06976744,-17.57322176,1.395939086,-7.384230288,0.810810811,2.680965147,4.177545692,3.383458647,29.21212121,23.17073171,-19.34501142,-11.14258735,..
NOR,1.038289969,1.932419827,3.084721395,3.574395539,2.845324367,5.055427388,4.155491334,5.027947172,5.284592985,2.624426222,2.012863289,3.204979222,2.074790394,1.44625414,0.910105664,3.96941456,2.625419938,2.399828426,2.994251851,0.476379999,-1.727020309,0.701833824,0.981434479,2.703109471,1.034072914,1.969544301,1.967128438,1.071558977,2.323258407,1.118828827,0.851897614,-0.762477535
INX,..,..,..,..,..,..,..,..,..,..,..,..,..,..,..,..,..,..,..,..,..,..,..,..,..,..,..,..,..,..,..,..
OED,3.898663879,3.18222778,1.474571468,2.066001617,1.148273308,3.004524167,2.673122627,3.093488802,3.469333784,2.816278188,3.172102821,3.99751397,1.402642443,1.537615616,2.056760649,3.216683349,2.821211791,3.095175649,2.728004369,0.281988438,-3.424373636,2.953657317,1.838805781,1.287136286,1.51705912,2.086324747,2.481248708,1.757784058,2.54866761,2.241527322,1.580035993,-4.688604788
OMA,11.75686184,-0.13042574,6.074078026,8.413884164,6.042960343,3.87577415,4.996819647,3.04594021,6.033512412,2.642337738,0.331496297,6.551066393,4.482802283,-1.10090483,-2.668591212,1.292205037,2.490221492,5.371888789,4.452684151,8.200077978,6.112395533,1.71398521,2.658868673,9.045042934,5.104799427,1.458555782,4.630374517,5.097067605,0.346322041,0.919398934,-0.825239185,..
OSS,..,..,..,..,..,..,..,..,..,..,..,..,4.251753077,4.598423771,4.48250273,9.169052478,5.792682359,10.67092192,9.946594488,7.50112261,1.993954593,8.571909918,7.519426302,3.596114499,3.600226804,3.723961447,3.122866608,2.747011098,1.00749674,2.055888705,1.930451087,-5.121623389
PSS,4.792071579,3.915494448,0.181891537,5.351047266,2.956670354,4.785506835,4.364419572,3.021318433,-1.090344129,1.67665422,4.744329564,-1.138339608,1.101168481,1.955588545,2.06788367,3.959316721,2.20890963,2.411328098,0.994066439,1.726812889,-0.920213888,2.997966201,3.819518848,0.739770986,3.212257512,3.613932362,3.653949101,3.759065065,4.315759961,2.859558094,0.780680116,-13.02810686
PAK,4.959768894,4.458586815,5.061567755,7.705897823,1.757747698,3.737415553,4.962609149,4.846581284,1.014396014,2.550234296,3.660132743,4.260088011,3.554418216,2.508337724,5.777033992,7.546860015,6.518778074,5.898984441,4.832817277,1.701405465,2.831658519,1.606688629,2.748405917,3.50703342,4.396456633,4.674707981,4.731147475,5.526735845,5.554277437,5.836417498,0.98882944,0.525527439
PLW,..,..,..,..,..,..,..,..,..,..,..,..,6.4401233,3.579391408,-3.263369863,4.856009146,3.959868893,-0.405653116,2.021153899,-5.781917893,-6.590462376,0.216072674,6.683682862,1.672602595,-3.387316396,6.293847377,7.539069794,-0.08336373,-1.916360453,4.058885124,-4.247302016,..
PAN,1.562247005,8.098993006,9.419005562,8.201680334,5.455744436,2.850146814,1.751678757,4.079703206,6.46099044,7.341500703,3.917206589,2.715374155,0.574272791,2.229149417,4.205495945,7.522079658,7.191279402,8.652465611,11.98398539,9.855654852,1.242992318,5.827839392,11.31373175,9.778545547,6.903948051,5.066422355,5.733054296,4.953211423,5.591148876,3.598112758,3.039750211,-17.94933167
PNG,-1.419579885,-3.01216922,9.546897709,13.84908527,18.20228595,5.94210906,-3.312448778,7.733695798,-3.904389656,-3.769113218,1.855553994,-2.494841993,-0.121288606,-0.158900533,2.164102502,2.721175741,6.344795923,5.409944091,7.815189229,-0.296457846,6.800421483,10.12845407,1.107543626,4.657119597,3.824946328,13.54377062,6.578356323,5.489573153,3.534610818,-0.279252285,5.859794197,-3.878818537
PAR,6.93520391,4.12328288,3.493650155,1.696428011,4.936359415,5.31791766,6.822810304,1.573785132,4.242516103,0.068037756,-1.366079712,-2.314140568,-0.834054717,-0.021404395,4.320745486,4.057418364,2.133490665,4.807117193,5.421622872,6.49629212,-0.261137328,11.09523127,4.286371207,-0.708043112,8.293076489,5.301238592,2.957151735,4.268025833,4.810078856,3.204250341,-0.401855101,-1
PER,-12.31204145,-4.982563536,2.219259103,-0.540509125,5.243577008,12.30836618,7.411395047,2.798973079,6.476824421,-0.391537556,1.494910643,2.694371398,0.617892326,5.453528938,4.165023137,4.958203206,6.285060325,7.528899044,8.518387769,9.126568301,1.095823659,8.332459107,6.327192402,6.139724706,5.852518211,2.382157372,3.252244772,3.953318715,2.518835442,3.96915687,2.203974749,-11.14881188
PHI,6.205311117,3.036966294,-0.578334651,0.337603031,2.116307179,4.387623341,4.678692219,5.845873473,5.185362276,-0.576718147,3.081916459,4.411222159,3.049231345,3.716255002,5.086911135,6.569228512,4.942505119,5.316416821,6.51929155,4.344487305,1.448323063,7.33449996,3.858232828,6.896951711,6.750531301,6.347987483,6.348309717,7.14945675,6.930988326,6.341485571,6.118525663,-9.573029875
POL,..,..,-7.015578796,2.514978612,3.738310308,5.292802058,7.102865538,6.115380709,6.449059835,4.640634369,4.654826659,4.561025468,1.258472694,2.035903501,3.498399184,4.982822123,3.506847453,6.131143946,7.061543813,4.199962292,2.832184589,3.740517779,4.757638004,1.324890828,1.125767836,3.378578073,4.236326306,3.141731229,4.83065457,5.353704746,4.540919514,-2.701709195
POR,6.44063924,3.950522763,4.368206463,1.089476408,-2.043276532,0.964837925,4.28278046,3.504247069,4.400867754,4.807962976,3.90657744,3.816178063,1.943672296,0.770924024,-0.930521193,1.788735682,0.781848216,1.625034176,2.506579646,0.319247925,-3.12207942,1.737625476,-1.696164781,-4.057293608,-0.922644675,0.792190302,1.792046046,2.019485396,3.506345285,2.849326461,2.488958606,-7.563616423
PST,3.910207562,2.941385747,1.383125111,1.844557237,0.893319225,2.899527327,2.679833805,2.879891469,3.241239342,2.653798189,3.283485542,3.933192482,1.538037589,1.505124764,2.026885356,3.123668147,2.738081094,2.977575414,2.65611062,0.235656322,-3.46413388,2.851521672,1.583795528,1.129571561,1.356586443,1.903938859,2.16738818,1.669168158,2.402517257,2.138663947,1.528916724,-4.919864605
PRE,1.527104897,9.735485358,-9.868127517,2.996328415,-0.139956343,0.138283786,3.257668554,5.87080083,5.97709754,7.695837494,4.779654863,5.893175817,4.657577613,5.470253806,-1.523649393,12.82951694,6.217543875,6.489416471,6.482205582,6.849586325,5.185995136,6.311349417,4.667210224,5.742974119,6.071343111,5.07020395,3.276488863,2.761231007,1.739669766,2.155079404,2.984833985,-2.485619501
PUR,4.334952397,-2.840540726,2.304391187,4.564051815,4.644527001,4.185958613,4.548988106,2.313707509,4.880087209,5.530725612,5.389699928,3.271964529,6.313471555,0.916459384,0.053419805,8.748676927,-1.986938733,-1.409414024,-1.16280669,-1.84413425,-1.952425142,-0.413254118,-0.358510628,0.02927511,-0.306826657,-1.190363454,-1.049443651,-1.263002925,-2.885954759,-4.147474747,1.484814635,-3.903305193
QAT,..,..,..,..,..,..,..,..,..,..,..,..,3.898186662,7.18215168,3.719958677,19.21891534,7.492758483,26.17024567,17.98565682,17.66355636,11.95656113,19.59233153,13.37517642,4.730011832,5.556040641,5.334323299,4.753345721,3.064191883,-1.49760469,1.234872192,0.774808391,-3.667835526
ROU,..,..,-12.91821073,-8.767228452,1.528834497,3.93194273,6.233511484,3.907702088,-4.849062738,-2.029812906,-0.376660706,2.461263459,5.218136257,5.70299165,2.341147329,10.42811302,4.668148051,8.028811076,7.233807744,9.307467171,-5.517394408,-3.90123628,1.906067707,2.040665131,3.770962304,3.608723653,2.953674037,4.702997747,7.319448529,4.474523775,4.127450998,-3.859373593
RUS,..,-2.999995642,-5.046939451,-14.53107377,-8.668540341,-12.56975598,-4.143528406,-3.755069439,1.399915805,-5.299961625,6.39991469,10.00006682,5.100051225,4.699991909,7.299952345,7.19994787,6.399965448,8.200068255,8.499977768,5.199969265,-7.799993913,4.5,4.300029186,4.024086157,1.755422149,0.736267221,-1.972719226,0.193690072,1.825790064,2.80724541,2.032982739,-2.951273899
RWA,-0.036534274,-2.399291097,-2.514379655,5.872725238,-8.108691877,-50.2480671,35.22407831,12.74569576,13.84975249,8.858669491,4.351888326,8.37091824,8.484564136,13.19207266,2.202365531,7.447679676,9.377899425,9.227077874,7.633281208,11.16124324,6.248259929,7.334656108,7.958406046,8.641500169,4.719854196,6.167166701,8.856844355,5.970744298,3.976289694,8.579424541,9.460682482,-3.355472122
SAM,3.707313698,-4.421450949,-2.300009405,-0.199992237,4.099990037,-2.542098541,6.67364307,7.178972189,0.643422087,2.194889222,2.18543305,6.918794454,6.939761793,4.343996108,4.515482455,4.625000762,4.156489543,1.968808341,6.322644804,1.009087755,-4.808273849,0.479158678,4.173393458,-4.08872377,-0.418844399,0.078245335,4.272188528,8.054160438,1.044879689,-2.063273066,3.580625558,-2.742567396
SMR,..,..,..,..,..,..,..,..,..,7.465618861,9.049360146,2.179379715,5.578342904,0.310800311,3.872966692,4.548844146,2.42510699,3.830083565,7.109322602,-0.500939261,-10.32095658,-5.473684211,-8.314773571,-7.044534413,-0.783972125,-0.7023705,2.291505561,2.344405861,0.258265466,1.544761129,2.374701565,..
STP,..,..,..,..,..,..,..,..,..,..,..,..,..,2.37687824,6.573476922,3.832223902,7.093773747,9.115642105,3.253605149,8.186174056,2.426282361,6.671983657,4.398202015,3.14197646,4.814792654,6.549934955,3.911337989,4.164768974,3.848980918,2.945268909,2.210855833,3.089725555
KAS,-0.503015881,15.19342589,15.00788025,3.987540169,-1.363741429,0.558720185,0.212091348,2.637424217,1.103782049,2.893362519,-3.763285216,5.625416143,-1.210743863,-2.819174404,11.24206139,7.958441664,5.573850121,2.788402228,1.847130252,6.249772755,-2.05924919,5.039484027,9.996846554,5.411444902,2.699254723,3.652481698,4.10640887,1.670624758,-0.741502653,2.434110781,0.331435729,-4.106583412
SEN,3.973783314,-0.746282223,2.659962657,1.320233037,1.360213007,-0.047520949,5.468584858,2.019977209,3.045601035,5.898479318,6.28330825,3.887210958,4.310851466,0.068696575,5.593950945,4.643293937,4.310238526,2.330770983,2.827119201,3.703169064,2.752104485,3.390889253,1.33409108,4.002995551,2.412385276,6.224074438,6.367043651,6.356068572,7.407486186,6.209241034,4.402406836,0.870408532
SRB,..,..,..,..,..,..,..,6.264082643,7.207379839,3.340877358,-9.424161606,6.13181309,6.878774765,6.380405304,4.387757023,9.028196928,5.530347121,5.107790141,6.439525554,5.655576622,-2.731751989,0.731044553,2.036276689,-0.681542369,2.892636734,-1.58951032,1.806059265,3.338586765,2.101163847,4.495121293,4.24851344,-0.979714616
SEY,11.19882307,6.99554469,2.760426099,7.161466737,6.196649768,-0.798696999,-0.825642363,4.917525348,11.96155598,8.403398525,1.872006587,1.514338815,-2.271162762,1.212831267,-5.887127528,-2.850453659,9.005761428,9.40612788,10.42143611,-2.146892655,-1.105245793,5.954962469,7.887279597,1.260828834,6.018076825,4.504785244,4.937385619,4.562623278,4.821336987,1.327618768,1.552403379,-10.72048707
SLE,0.729999999,3.349997984,2.351960645,-19.01290963,1.374549379,-1.947384335,-7.999753286,1.753821399,-5.877082015,1.785014281,-1.979285588,6.652727885,-6.345455153,26.4173166,9.313120969,6.59794486,4.505095672,4.223914279,8.058145152,5.39828521,3.188051216,5.346466052,6.315045036,15.18176908,20.71576829,4.556772366,-20.59877072,6.055474029,4.211182649,3.446162621,5.600483383,-2.162497231
SGP,10.15861032,9.821049131,6.688502513,6.63968959,11.46277474,11.09764794,7.20090749,7.47137959,8.319916527,-2.195377826,5.724008424,9.039146751,-1.069015885,3.914609745,4.535779654,9.819591677,7.359033677,9.00514373,9.022133014,1.868245534,0.120982742,14.52563899,6.337870814,4.461608951,4.837298646,3.938002729,2.988520676,3.329034458,4.520379476,3.497469601,1.345217486,-5.391021406
SXM,..,..,..,..,..,..,..,..,..,..,..,..,..,..,..,..,..,..,..,..,..,3.199994022,4.600002996,1.39054667,1.306727883,1.580384638,0.4,0.5,-5.8,-6.6,..,..
SVK,..,..,..,..,1.901327009,6.205529679,5.84349599,6.619895357,5.925838557,4.076096334,-0.105914263,1.166528247,3.253782729,4.509444001,5.499082151,5.278879991,6.623463215,8.493177587,10.83202883,5.574886362,-5.455533231,5.871256109,2.847218178,1.896742271,0.666535042,2.641589746,4.81489967,2.132727784,2.989520318,3.650123358,2.511588141,-4.754325341
SLO,..,..,..,..,..,..,..,3.203005809,5.049793457,3.279365444,5.332666572,3.67237155,3.216560335,3.505598057,2.960260286,4.359192778,3.797972642,5.746396901,6.980160755,3.509841517,-7.548437791,1.343748472,0.861327733,-2.639438757,-1.029282772,2.768158831,2.210081607,3.191852518,4.79354876,4.384501721,3.184341624,-5.532207845
SST,..,..,..,..,..,..,..,..,..,3.332695344,3.233114355,4.846815802,3.682275475,4.314344604,4.671772304,7.914013136,5.25626649,9.699750797,8.440193767,6.206276459,0.932174751,7.213705068,6.40893531,3.192834227,3.165165115,3.238836659,2.801464989,2.22066917,0.960781995,2.047937363,1.737417245,-5.628704317
SOL,4.262372721,2.20304338,6,12.70440252,3.999255952,8.10230728,10.09265387,1.608055305,-0.917024109,1.298701299,-0.486295314,-14.27513698,-7.963378822,-2.796546547,6.526356439,6.652166032,5.540448674,4.863123994,4.453316953,5.807115554,2.556620814,8.616718602,7.2720469,1.860465116,5.331050228,1.051262599,1.415701416,5.879864636,5.343587695,3.94424955,1.204049986,-4.317260027
SOM,-0.175911818,-1.484075684,..,..,..,..,..,..,..,..,..,..,..,..,..,..,..,..,..,..,..,..,..,..,..,2.363823227,3.463855422,2.886948083,1.391181325,2.790697674,2.895927602,-1.495162709
RSA,2.394784159,-0.317785676,-1.018219873,-2.137056889,1.233519913,3.200001049,3.099995418,4.299998961,2.600002116,0.500000905,2.399996245,4.200003476,2.699994567,3.700382352,2.949079137,4.554552745,5.277056312,5.603797657,5.360475891,3.191046741,-1.538089334,3.039730814,3.284168142,2.213354808,2.4852005,1.846991604,1.193732801,0.39908793,1.414512626,0.78705557,0.152583317,-6.959604452
SAS,5.487870382,5.428873284,1.861493943,5.706622218,4.425651732,6.096744842,6.989916236,6.895350601,3.814329387,5.633235739,7.826885139,4.060569376,4.496537842,3.647415817,7.377364275,7.579822481,7.602138261,7.71658378,7.3323653,3.237683417,7.134107587,7.703499456,5.137552419,5.499393795,6.083035997,6.992835859,7.485375824,7.777386772,6.628584341,6.443496369,4.024900384,-6.581768179
TSA,5.487870382,5.428873284,1.861493943,5.706622218,4.425651732,6.096744842,6.989916236,6.895350601,3.814329387,5.633235739,7.826885139,4.060569376,4.496537842,3.647415817,7.377364275,7.579822481,7.602138261,7.71658378,7.3323653,3.237683417,7.134107587,7.703499456,5.137552419,5.499393795,6.083035997,6.992835859,7.485375824,7.777386772,6.628584341,6.443496369,4.024900384,-6.581768179
SSD,..,..,..,..,..,..,..,..,..,..,..,..,..,..,..,..,..,..,..,..,5.04164188,5.493416395,-4.640316736,-46.08212237,13.12973114,3.373648477,-10.79336463,..,..,..,..,..
ESP,4.827030312,3.781393378,2.546000548,0.929215549,-1.031491863,2.383195397,2.757493994,2.660524453,3.702580285,4.393037351,4.490491316,5.24599468,3.932948843,2.731022232,2.981894836,3.122795242,3.652032674,4.102727115,3.604687971,0.887145182,-3.763231927,0.163010231,-0.814373455,-2.959441302,-1.435394259,1.383907943,3.83517266,3.03130133,2.973641191,2.430047145,1.950126894,-10.83894734
SRI,2.299301414,6.399995307,4.599987245,4.399991252,6.900063252,5.599918727,5.500085232,3.799967205,6.405399698,4.698423046,4.300540498,6.00003316,-1.545408134,3.964675686,5.940269078,5.445061278,6.241748045,7.6682919,6.796826119,5.950088145,3.538912053,8.015967371,8.404733021,9.144572246,3.39573265,4.960700592,5.007683305,4.486634531,3.578169679,3.272000479,2.255176529,-3.569076137
KNA,5.479794077,4.877251516,-1.864689129,4.268973825,6.801949416,5.301719051,5.383142657,5.842838026,6.823966776,-0.486745779,3.219886422,10.04280842,5.25344983,1.367715073,-3.93339486,3.996346661,9.732820703,3.149788354,0.600605778,6.121597843,-4.047892071,-0.609318192,1.828435302,-2.228012307,5.383690734,6.284804235,1.033704225,2.826378868,-1.977829212,2.924450454,2.054103135,-10.74339098
LCA,8.981004205,9.890701529,0.375678028,7.95307536,0.583199758,1.598560162,1.748225865,2.922587957,-0.694130142,6.286471215,2.670603511,0.048748554,-3.408063962,0.416450493,4.264611487,7.26740887,-0.410304726,6.195257291,1.691618574,4.94932194,-2.828899548,1.603862385,5.483411333,-0.19985174,-3.174377604,1.758665901,-1.360484662,3.986868948,3.48884866,2.639462354,1.728838432,-20.21154919
MAF,..,..,..,..,..,..,..,..,..,..,..,..,..,..,..,..,..,..,..,..,..,..,..,..,..,..,..,..,..,..,..,..
VIN,1.405076286,6.942727397,-1.864689129,4.268973825,6.801949416,-1.297155895,7.766651721,1.287906805,3.505152757,4.090199571,2.71030492,1.639033243,1.709991316,6.32121541,7.689536647,4.156329273,2.488357778,7.687938632,3.342810895,1.584489485,-2.099141864,-3.353369,-0.419296168,1.382087412,1.832976653,1.21403892,1.330275498,1.897440944,1.000357879,2.163128944,0.494924137,-2.728124332
SSF,2.528766346,2.370783245,0.406720361,-0.313907746,-0.85977707,1.184447094,3.424977485,5.101589613,3.582738614,2.395661374,2.186064087,3.485396361,4.25689317,6.34312111,4.2436245,6.477639066,6.185805164,6.18414943,6.485688956,5.354545879,3.09958063,5.570869077,4.538892331,4.098302269,5.051143588,4.840102482,2.751057672,1.12982596,2.544111015,2.577241292,2.307749873,-2.448262357
SSA,2.522662042,2.367251545,0.404841688,-0.320014401,-0.865965797,1.186310291,3.428892671,5.101752178,3.575351438,2.389935799,2.186380973,3.487379052,4.263320588,6.347855052,4.252521211,6.485034151,6.183765565,6.181757125,6.482677942,5.360497079,3.102646638,5.57060044,4.536541927,4.100360341,5.050461383,4.840341239,2.749505917,1.127326119,2.542396354,2.57820312,2.308324171,-2.442019366
TSS,2.528766346,2.370783245,0.406720361,-0.313907746,-0.85977707,1.184447094,3.424977485,5.101589613,3.582738614,2.395661374,2.186064087,3.485396361,4.25689317,6.34312111,4.2436245,6.477639066,6.185805164,6.18414943,6.485688956,5.354545879,3.09958063,5.570869077,4.538892331,4.098302269,5.051143588,4.840102482,2.751057672,1.12982596,2.544111015,2.577241292,2.307749873,-2.448262357
SUD,8.931393687,-5.470053776,7.510910626,6.577861385,4.56874919,1.006228243,5.99709232,5.919124758,10.56673631,4.308504104,3.10409568,6.345867769,6.500360421,6.427273901,7.734591717,3.883307291,7.489738142,10.064308,11.52191003,7.801963334,3.241847572,3.469317028,-0.016809789,0.688184602,6.796873463,7.043121941,4.009848018,3.574763158,4.674112518,2.817443643,-1.32642451,-1.5621618
SUR,4.2,-4.5,2.699999091,0.400000046,-6.699998489,3.399999534,0,1.00000049,5.699998608,2.300001251,-1.400000022,2.09999866,4.20000005,2.800000889,6.299999082,8.500000274,4.500000692,5.793543589,5.111487808,4.143406525,3.01369863,5.168825162,5.849367784,2.690350057,2.93344123,0.255503145,-3.411095864,-4.915786469,1.567191065,4.948270766,1.098467778,-14.5
SWE,2.654806927,0.754674769,-1.145974869,-1.15859276,-2.06561637,3.929972837,3.935192926,1.579456406,3.070526593,4.311836353,4.247184144,4.766348871,1.449498618,2.196921062,2.30981059,4.336856154,2.85880324,4.662773552,3.439221776,-0.450559257,-4.339790575,5.952107008,3.195333235,-0.588304569,1.187775716,2.657798275,4.489281588,2.070593151,2.567924525,1.950022846,1.369856989,-2.817819572
SUI,4.330794024,3.674625697,-0.915816589,-0.043732916,-0.125983738,1.269757732,0.480866574,0.493909886,2.269168119,3.065331375,1.745534401,3.976409234,1.575817262,-0.005506463,-0.046846373,2.821528115,2.882638434,4.015007608,3.995722246,2.755511436,-2.07963322,3.268101656,1.920445985,1.217193657,1.821667791,2.446845157,1.657768711,2.045186469,1.584819616,3.013405102,1.081930843,-2.870251911
UAR,-8.958214011,7.640772323,7.901270698,13.47033376,5.178987101,7.652937117,5.750015288,4.399999999,1.800000002,6.337264017,-3.553656913,2.742857397,5.20094281,5.9,0.6,6.900000004,6.2,4.999999998,5.699999996,..,..,..,..,..,..,..,..,..,..,..,..,..
TJK,-6.500000664,-0.599999631,-7.099999096,-29.00000106,-16.39999984,-21.29999801,-12.41632223,-16.69999844,1.680674136,5.312867659,3.699550717,8.324324495,9.580836178,10.80000376,10.99999908,10.29999894,6.699998517,7.000003211,7.800000119,7.899998272,3.900001148,6.499999086,7.4000006,7.499999463,7.399999747,6.70000069,5.999999264,6.89999962,7.100001403,7.599999387,7.399999638,4.499999517
TAN,3.764443407,7.045071644,2.071988211,0.584322134,1.205800808,1.567661766,3.569911868,4.544366802,3.525278191,3.708511596,4.863863755,4.520784635,6.070808288,7.093194984,6.672789829,7.50381466,7.476319258,6.53222139,6.768535202,5.68641686,5.269105248,6.336523427,7.672155435,4.50015356,6.781585601,6.732461868,6.160628774,6.867116196,6.785680114,5.444967632,5.791371376,2.003858269
THA,12.19050599,11.16716344,8.558260321,8.083388023,8.251915915,7.997024667,8.120315346,5.651944465,-2.753575153,-7.634035286,4.572307751,4.455247043,3.44424901,6.149036052,7.189243303,6.289342143,4.187638429,4.967810892,5.435151691,1.725698849,-0.690618232,7.513390533,0.840132083,7.242796202,2.687495563,0.984468864,3.134047249,3.435157717,4.177681032,4.189585496,2.266433672,-6.087220285
TLS,..,..,..,..,..,..,..,..,..,..,..,..,16.34768915,-6.700689283,-2.182275573,0.400003531,3.018182523,-4.106163715,10.22882431,11.33596537,9.989625539,9.459876642,5.805105362,6.021571005,2.119224319,4.449568823,2.910035015,3.36489797,-4.103609745,-1.053902251,18.7235248,-8.702548486
TOG,4.060021684,-0.243656136,-0.699967493,-3.980686816,-15.09582748,14.98241435,7.845832321,8.836211627,14.37737757,-2.299876567,2.481751436,-0.78347961,0.823438749,3.826622582,6.720171421,-0.978665336,-4.666299379,2.650132097,-1.175120389,4.062252828,5.537910972,6.099259161,6.398199052,6.543507031,6.112343078,5.920588571,5.742868453,5.559079306,4.347748238,4.9762131,5.459921448,1.752800749
TGA,0.38990681,-2.044091435,6.414947574,0.251975664,3.738055383,4.952521321,7.378535826,1.805531217,1.223449617,2.458759103,3.710880967,0.875990063,3.748925693,4.848012814,2.308045494,-2.410700609,0.081033894,-0.148635323,0.271095291,4.750169656,-5.199109037,0.803490183,6.818276144,0.823102718,0.312307909,2.01870046,1.171888256,6.571000501,3.322432544,0.300009404,0.734030017,..
TTO,-0.829914211,1.509167842,3.112407866,10.09297951,-0.669114766,3.567180606,3.809913144,7.134477465,7.522854626,8.124563997,8.024817644,6.901359591,4.168523982,7.936709687,14.44098954,7.950051511,6.20893788,13.20805861,4.754209701,3.391737078,-4.391729247,3.32322471,-0.294354409,1.269964365,2.229074805,-0.912544969,1.483781034,-5.601818139,-2.987340197,0.066049775,-1.246427336,-7.831876497
TUN,1.746699129,7.949819436,3.904545301,7.805728857,2.189828889,3.178411391,2.351669888,7.146080839,5.440943436,4.783762572,6.054634515,4.709972903,3.796271547,1.322557147,4.702399649,6.235790615,3.486545622,5.244099762,6.709521019,4.237781547,3.043450093,3.511164066,-1.917695771,4.088550139,2.821657051,2.872822672,1.165860578,1.249338582,1.918055729,2.663592389,1.043261757,-8.600310283
TUR,0.290244069,9.266146671,0.720279036,5.035634939,7.651265203,-4.668147364,7.878266876,7.379664474,7.577663644,2.404150257,-3.263168406,6.933239705,-5.750006555,6.447722047,5.763206067,9.795936389,8.992304936,6.947988086,5.043507932,0.815024573,-4.823153953,8.427104323,11.20011058,4.788492711,8.485816997,4.939715161,6.084486904,3.323084208,7.501997489,2.958966728,0.916534796,1.756650763
TKM,-4.255319507,35.38455811,-4.605263214,-14.9659866,1.500000174,-17.29986047,-7.200040934,6.699992161,-11.40000023,7.100000344,16.4999995,5.469064133,4.343845714,0.257179925,3.26882856,5.000407438,13.03403487,10.97330833,11.05929947,14.7,6.100000115,9.199999988,14.69999993,11.09999996,10.2000001,10.29999997,6.49999991,6.199999966,6.500000047,6.199999941,6.3,..
SKN,..,..,..,..,..,..,..,..,..,..,..,..,..,..,..,..,..,..,..,..,..,..,..,-0.972299355,1.070877013,8.711296582,11.31483413,7.25118055,-2.490218992,5.610956374,5.324551483,-26.80000429
TUV,..,..,3.609164985,2.788866584,4.110691014,10.28348701,-5.004437317,-5.961361169,10.00322432,15.50121998,-1.563791371,-0.970599814,1.634107644,7.886174359,-3.333536533,-1.352181114,-3.779729962,2.138938329,6.350564875,7.983260905,-4.432851394,-2.729427912,7.515954206,-3.835748821,4.576823704,1.348012682,9.142893933,3.034723153,4.094017717,2.5,9.756097561,4.4
UGA,6.361941247,6.474140151,5.554095496,3.418356891,8.326292521,6.403635743,11.52324381,9.072114582,5.100001863,4.905265484,8.053948377,3.141907338,5.183661126,8.732685764,6.473258672,6.807233344,6.332565116,10.78474439,8.412425965,8.708751901,6.801517348,5.637611638,9.391655493,3.837455606,3.586905826,5.106307324,5.187859863,4.781000291,3.809129029,6.162619139,6.803326813,2.857581274
UKR,3.873103211,-6.345235128,-8.410643889,-9.69899858,-14.22610688,-22.93404554,-12.20000002,-9.999999975,-3.000000027,-1.899999983,-0.199999995,5.899999999,9.203694816,5.24934062,9.515923065,12.10876949,2.997300112,7.439917934,7.593520408,2.304024911,-14.75856217,3.834392505,5.465501846,0.238681721,-0.02669789,-6.552631294,-9.772960791,2.235067619,2.466035625,3.405295518,3.221483145,-4.020317714
UAE,12.33789128,18.32798553,0.860081946,3.344944862,1.261190951,6.896148551,6.687886464,5.798404061,8.190398641,0.291994349,2.902213645,10.85270421,1.39908503,2.43345681,8.800540815,9.566436637,4.855141196,9.837319773,3.184390174,3.191836276,-5.242921907,1.602809961,6.930271629,4.484626085,5.053345825,4.284303686,5.105936984,3.060964308,2.37353671,1.189855638,1.677720373,..
GBR,2.577602729,0.733755503,-1.103121655,0.401082104,2.48983093,3.846009131,2.531670077,2.491610855,4.975295008,3.707771046,3.29520162,3.506217426,2.730335651,2.178744368,3.321881725,2.286278175,2.955691743,2.693800367,2.360575861,-0.278780161,-4.113949331,2.074050953,1.275708411,1.430396029,2.186113352,2.862728671,2.363069511,1.722385904,1.740309443,1.252590613,1.370814722,-9.790240362
USA,3.67265633,1.885960325,-0.108259111,3.522442502,2.752844325,4.028839066,2.684287126,3.772501321,4.44721634,4.481407561,4.753235983,4.127484017,0.998340792,1.741695251,2.861210768,3.798891125,3.513213799,2.854972294,1.876171454,-0.136579803,-2.536757067,2.56376656,1.550835505,2.249545852,1.842081071,2.525973446,3.07551465,1.711426774,2.332679395,2.996464352,2.161176515,-3.486139557
UMC,2.409618384,1.018209887,0.274594783,-0.20011951,3.34788521,2.697311832,3.174267803,4.685715885,5.247264364,2.414890151,3.224106209,6.296424988,3.20870125,4.509730317,5.32683584,7.922897167,7.165537304,8.30129962,8.980364015,6.122451336,1.657419403,7.873096804,6.455090149,5.535019908,5.253414875,4.278185764,3.637468792,3.675173209,4.868016102,4.548484206,3.77497248,-1.138043812
URU,1.103901025,0.297348378,3.538808504,7.931588414,2.657546107,7.281342644,-1.447598969,5.577957764,8.547683201,4.518890097,-1.939212154,-1.929930638,-3.844129949,-7.732007206,0.805283915,5.004160334,7.460132138,4.098577364,6.541510842,7.176144668,4.243494175,7.803409666,5.162133029,3.538178707,4.637538641,3.238791217,0.370741265,1.689798164,1.627753973,0.477907184,0.350447153,-5.858721243
UZB,3.091293973,1.600000006,-0.492000004,-11.2,-2.300000006,-5.199999992,-0.900000006,1.700000004,5.199999997,4.3,4.300000003,3.834999999,4.16383825,3.973488192,4.232627382,7.449000605,6.950007197,7.451418476,9.473005305,9.029161017,8.050933328,7.597167961,7.784905864,7.375687986,7.584537849,7.17939955,7.447705075,6.094210239,4.46152609,5.446444862,5.79837496,1.647797102
VAN,1.531893521,11.6956998,3.14763848,2.585413728,0.735447995,9.081466093,1.003945041,2.327335416,4.906812678,1.176854361,0.337293222,5.924809057,-3.397582489,-5.198318759,4.288335117,3.987392802,5.305326473,8.465159865,2.871659844,5.602991462,3.037246028,1.260681797,3.137874086,1.010029914,0.468608459,3.12624625,0.371578452,4.688677823,6.315604199,2.900230273,3.264589732,-9.235328461
VEN,-8.569882013,6.467940853,9.729887977,6.060473262,0.275388158,-2.349507928,3.951662724,-0.197837257,6.370931401,0.294055161,-5.970458146,3.686944167,3.394236108,-8.855647353,-7.75530005,18.28660669,10.3179138,9.872149109,8.753578808,5.277854124,-3.202302657,-1.488791251,4.176425359,5.625956975,1.343094036,-3.894386475,..,..,..,..,..,..
VIE,7.364512893,5.10091814,5.960843932,8.64604746,8.072730657,8.838980952,9.540480175,9.340017496,8.152084143,5.764455464,4.773586881,6.787316408,6.192893312,6.320820988,6.899063492,7.536410612,7.547247727,6.977954812,7.129504484,5.661771208,5.397897543,6.423238217,6.240302749,5.247367156,5.421882991,5.983654637,6.679288789,6.210811668,6.81224566,7.075788617,7.017434882,2.905835584
ISV,..,..,..,..,..,..,..,..,..,..,..,..,..,..,-0.334104343,2.939659618,3.632264529,3.625815809,4.03545603,0.941704036,-6.64149267,0.904116108,-8.158453195,-15.01925546,-5.83081571,-0.866217517,0.258899676,1.129761136,-0.606447494,1.509312781,..,..
PSE,..,..,..,..,..,..,7.118511824,1.215150773,14.66722516,14.33420348,8.280429404,-8.556183291,-9.310638168,-12.48919176,14.01586549,21.92523949,11.29065118,-0.996556103,3.788281521,7.429182255,8.593490879,5.777362056,9.600808489,6.096456563,4.698569866,-0.157866651,3.721299671,8.86461882,1.419367563,1.227077378,1.362687466,-11.45745151
WLD,3.726664517,2.978322308,1.508461234,1.776938622,1.492362483,2.946775756,3.020666633,3.430991951,3.707802777,2.560054877,3.245240312,4.425403056,1.95300111,2.168781675,2.950230924,4.407677887,3.899393075,4.367086833,4.319245172,1.858891084,-1.666425827,4.3103797,3.126799817,2.519738704,2.671507044,2.87422163,2.919034066,2.605572193,3.281328692,3.034060744,2.33555814,-3.593456238
YEM,..,..,6.29349386,8.207598137,4.001966381,6.721949122,5.669371322,4.634967317,5.23111204,6.006694599,3.775530496,6.181915593,3.803645872,3.935231505,3.747398185,3.972696401,5.591748076,3.170409359,3.338427956,3.64756947,3.866229516,7.70230704,-12.71482302,2.392885682,4.823414981,-0.188573712,-27.99454625,-9.375123818,-5.071795639,0.75244741,..,..
ZAM,-1.023501789,-0.481072028,-0.036133384,-1.730922174,6.797274049,-8.625441952,2.897668893,6.218546489,3.814007497,-0.385746146,4.650189746,3.897322943,5.316868274,4.50601428,6.944973982,7.032395115,7.235599007,7.903694445,8.352436244,7.773895815,9.220348406,10.29822332,5.564602337,7.597593211,5.05723174,4.697992363,2.920375112,3.776679146,3.504336096,4.034378235,1.441784548,-3.016188903
ZIM,5.199766444,6.988552933,5.531782396,-9.015570086,1.051458626,9.235198861,0.158025651,10.36069677,2.680594174,2.885211806,-0.817821016,-3.059189762,1.439615384,-8.894023633,-16.99507469,-5.807538055,-5.71108368,-3.461495192,-3.653326859,-17.66894629,12.01955993,19.67532314,14.19391296,16.66542877,1.989492762,2.376929327,1.779872703,0.755869251,4.699399849,3.497159535,-8.1,-8
